Stage 1  Points,Stage 1  Rider,Stage 1  Team,Stage 2 Points,Stage 2 Rider,Stage 2 Team,Stage 3 Points,Stage 3 Rider,Stage 3 Team,Stage 4 Points,Stage 4 Rider,Stage 4 Team,Stage 5 Points,Stage 5 Rider,Stage 5 Team,Stage 6 Points,Stage 6 Rider,Stage 6 Team,Stage 7 Points,Stage 7 Rider,Stage 7 Team,Stage 8 Points,Stage 8 Rider,Stage 8 Team,Stage 9 Points,Stage 9 Rider,Stage 9 Team,Stage 10 Points,Stage 10 Rider,Stage 10 Team,Stage 11 Points,Stage 11 Rider,Stage 11 Team,Stage 12 Points,Stage 12 Rider,Stage 12 Team,Stage 13 Points,Stage 13 Rider,Stage 13 Team,Stage 14 Points,Stage 14 Rider,Stage 14 Team,Stage 15 Points,Stage 15 Rider,Stage 15 Team,Stage 16 Points,Stage 16 Rider,Stage 16 Team,Stage 17 Points,Stage 17 Rider,Stage 17 Team,Stage 18 Points,Stage 18 Rider,Stage 18 Team,Stage 19 Points,Stage 19 Rider,Stage 19 Team,Stage 20 Points,Stage 20 Rider,Stage 20 Team,Stage 21 Points,Stage 21 Rider,Stage 21 Team
272,Jasper Philipsen,Alpecin - Deceuninck,258,Mathieu Van Der Poel,Alpecin - Deceuninck,226,Tim Merlier,Soudal Quick-Step,264,Tadej Pogačar,UAE Team Emirates - XRG,246,Remco Evenepoel,Soudal Quick-Step,264,Ben Healy,EF Education - EasyPost,274,Tadej Pogačar,UAE Team Emirates - XRG,252,Jonathan Milan,Lidl - Trek,234,Tim Merlier,Soudal Quick-Step,248,Simon Yates,Team Visma | Lease a Bike,260,Jonas Abrahamsen,Uno-X Mobility,304,Tadej Pogačar,UAE Team Emirates - XRG,270,Tadej Pogačar,UAE Team Emirates - XRG,292,Thymen Arensman,INEOS Grenadiers,252,Tim Wellens,UAE Team Emirates - XRG,,,,,,,,,,,,,,,,,,
226,Biniam Girmay,Intermarché - Wanty,219,Tadej Pogačar,UAE Team Emirates - XRG,212,Jonathan Milan,Lidl - Trek,216,Mathieu Van Der Poel,Alpecin - Deceuninck,234,Tadej Pogačar,UAE Team Emirates - XRG,206,Quinn Simmons,Lidl - Trek,212,Jonas Vingegaard,Team Visma | Lease a Bike,188,Wout Van Aert,Team Visma | Lease a Bike,204,Jonathan Milan,Lidl - Trek,218,Ben Healy,EF Education - EasyPost,212,Mauro Schmid,Team Jayco AlUla,243,Jonas Vingegaard,Team Visma | Lease a Bike,213,Jonas Vingegaard,Team Visma | Lease a Bike,255,Tadej Pogačar,UAE Team Emirates - XRG,216,Victor Campenaerts,Team Visma | Lease a Bike,,,,,,,,,,,,,,,,,,
183,Søren Wærenskjold,Uno-X Mobility,190,Jonas Vingegaard,Team Visma | Lease a Bike,160,Phil Bauhaus,Bahrain - Victorious,196,Jonas Vingegaard,Team Visma | Lease a Bike,160,Edoardo Affini,Team Visma | Lease a Bike,182,Michael Storer,Tudor Pro Cycling Team,174,Oscar Onley,Team Picnic PostNL,160,Kaden Groves,Alpecin - Deceuninck,162,Arnaud De Lie,Lotto,204,Thymen Arensman,INEOS Grenadiers,169,Mathieu Van Der Poel,Alpecin - Deceuninck,198,Florian Lipowitz,Red Bull - BORA - hansgrohe,174,Primož Roglič,Red Bull - BORA - hansgrohe,219,Jonas Vingegaard,Team Visma | Lease a Bike,160,Julian Alaphilippe,Tudor Pro Cycling Team,,,,,,,,,,,,,,,,,,
170,Anthony Turgis,Team TotalEnergies,148,Romain Grégoire,Groupama - FDJ,144,Søren Wærenskjold,Uno-X Mobility,154,Oscar Onley,Team Picnic PostNL,143,Kévin Vauquelin,Arkéa - B&B Hotels,164,Eddie Dunbar,Team Jayco AlUla,147,Felix Gall,Decathlon AG2R La Mondiale Team,140,Pascal Ackermann,Israel - Premier Tech,140,Pavel Bittner,Team Picnic PostNL,163,Ben O'Connor,Team Jayco AlUla,144,Arnaud De Lie,Lotto,168,Tobias Halland Johannessen,Uno-X Mobility,159,Florian Lipowitz,Red Bull - BORA - hansgrohe,171,Felix Gall,Decathlon AG2R La Mondiale Team,156,Wout Van Aert,Team Visma | Lease a Bike,,,,,,,,,,,,,,,,,,
144,Matteo Trentin,Tudor Pro Cycling Team,120,Julian Alaphilippe,Tudor Pro Cycling Team,122,Biniam Girmay,Intermarché - Wanty,137,João Almeida,UAE Team Emirates - XRG,140,Bruno Armirail,Decathlon AG2R La Mondiale Team,154,Mathieu Van Der Poel,Alpecin - Deceuninck,147,Matteo Jorgenson,Team Visma | Lease a Bike,120,Arnaud De Lie,Lotto,124,Biniam Girmay,Intermarché - Wanty,140,Michael Storer,Tudor Pro Cycling Team,130,Wout Van Aert,Team Visma | Lease a Bike,145,Oscar Onley,Team Picnic PostNL,121,Matteo Jorgenson,Team Visma | Lease a Bike,153,Florian Lipowitz,Red Bull - BORA - hansgrohe,120,Axel Laurance,INEOS Grenadiers,,,,,,,,,,,,,,,,,,
129,Clément Russo,Groupama - FDJ,115,Oscar Onley,Team Picnic PostNL,120,Pavel Bittner,Team Picnic PostNL,124,Romain Grégoire,Groupama - FDJ,122,Florian Lipowitz,Red Bull - BORA - hansgrohe,148,Simon Yates,Team Visma | Lease a Bike,136,Remco Evenepoel,Soudal Quick-Step,110,Tobias Lund Andresen,Team Picnic PostNL,122,Paul Penhoët,Groupama - FDJ,135,Anders Halland Johannessen,Uno-X Mobility,123,Fred Wright,Bahrain - Victorious,134,Kévin Vauquelin,Arkéa - B&B Hotels,120,Luke Plapp,Team Jayco AlUla,134,Oscar Onley,Team Picnic PostNL,114,Aleksandr Vlasov,Red Bull - BORA - hansgrohe,,,,,,,,,,,,,,,,,,
121,Paul Penhoët,Groupama - FDJ,104,Aurélien Paret-Peintre,Decathlon AG2R La Mondiale Team,117,Kaden Groves,Alpecin - Deceuninck,110,Matteo Jorgenson,Team Visma | Lease a Bike,95,Iván Romeo,Movistar Team,130,Will Barta,Movistar Team,117,Kévin Vauquelin,Arkéa - B&B Hotels,100,Bryan Coquard,Cofidis,95,Phil Bauhaus,Bahrain - Victorious,134,Joseph Blackmore,Israel - Premier Tech,111,Axel Laurance,INEOS Grenadiers,121,Remco Evenepoel,Soudal Quick-Step,111,Oscar Onley,Team Picnic PostNL,111,Ben Healy,EF Education - EasyPost,95,Jasper Stuyven,Lidl - Trek,,,,,,,,,,,,,,,,,,
93,Matteo Jorgenson,Team Visma | Lease a Bike,100,Kévin Vauquelin,Arkéa - B&B Hotels,80,Pascal Ackermann,Israel - Premier Tech,107,Remco Evenepoel,Soudal Quick-Step,94,João Almeida,UAE Team Emirates - XRG,115,Harold Tejada,XDS Astana Team,102,Jhonatan Narváez,UAE Team Emirates - XRG,80,Alberto Dainese,Tudor Pro Cycling Team,80,Jordi Meeus,Red Bull - BORA - hansgrohe,112,Lenny Martinez,Bahrain - Victorious,106,Mathieu Burgaudeau,Team TotalEnergies,94,Felix Gall,Decathlon AG2R La Mondiale Team,80,Adam Yates,UAE Team Emirates - XRG,99,Primož Roglič,Red Bull - BORA - hansgrohe,90,Jordan Jegat,Team TotalEnergies,,,,,,,,,,,,,,,,,,
90,Marius Mayrhofer,Tudor Pro Cycling Team,70,Simone Velasco,XDS Astana Team,70,Amaury Capiot,Arkéa - B&B Hotels,81,Mattias Skjelmose,Lidl - Trek,70,Luke Plapp,Team Jayco AlUla,114,Tadej Pogačar,UAE Team Emirates - XRG,70,Axel Laurance,INEOS Grenadiers,70,Vincenzo Albanese,EF Education - EasyPost,70,Stian Fredheim,Uno-X Mobility,109,Tadej Pogačar,UAE Team Emirates - XRG,96,Davide Ballerini,XDS Astana Team,86,Primož Roglič,Red Bull - BORA - hansgrohe,78,Lenny Martinez,Bahrain - Victorious,87,Tobias Halland Johannessen,Uno-X Mobility,70,Michael Valgren,EF Education - EasyPost,,,,,,,,,,,,,,,,,,
71,Samuel Watson,INEOS Grenadiers,60,Jenno Berckmoes,Lotto,60,Alberto Dainese,Tudor Pro Cycling Team,77,Kévin Vauquelin,Arkéa - B&B Hotels,66,Matteo Jorgenson,Team Visma | Lease a Bike,85,Jonas Vingegaard,Team Visma | Lease a Bike,69,Tobias Halland Johannessen,Uno-X Mobility,60,Stian Fredheim,Uno-X Mobility,60,Kaden Groves,Alpecin - Deceuninck,94,Jonas Vingegaard,Team Visma | Lease a Bike,75,Quinn Simmons,Lidl - Trek,64,Cristián Rodríguez,Arkéa - B&B Hotels,72,Felix Gall,Decathlon AG2R La Mondiale Team,76,Kévin Vauquelin,Arkéa - B&B Hotels,60,Valentin Madouas,Groupama - FDJ,,,,,,,,,,,,,,,,,,
60,Mike Teunissen,XDS Astana Team,55,Enric Mas,Movistar Team,50,Tobias Lund Andresen,Team Picnic PostNL,62,Wout Van Aert,Team Visma | Lease a Bike,60,Pablo Castrillo,Movistar Team,73,Matteo Jorgenson,Team Visma | Lease a Bike,55,Jordan Jegat,Team TotalEnergies,50,Danny Van Poppel,Red Bull - BORA - hansgrohe,57,Mathieu Van Der Poel,Alpecin - Deceuninck,72,Matteo Jorgenson,Team Visma | Lease a Bike,52,Kaden Groves,Alpecin - Deceuninck,52,Einer Rubio,Movistar Team,65,Kévin Vauquelin,Arkéa - B&B Hotels,72,Lenny Martinez,Bahrain - Victorious,58,Tadej Pogačar,UAE Team Emirates - XRG,,,,,,,,,,,,,,,,,,
49,Iván García Cortina,Movistar Team,50,Alexandre Delettre,Team TotalEnergies,40,Bastien Tronchon,Decathlon AG2R La Mondiale Team,49,Aurélien Paret-Peintre,Decathlon AG2R La Mondiale Team,59,Jonas Vingegaard,Team Visma | Lease a Bike,62,Remco Evenepoel,Soudal Quick-Step,51,Mattias Skjelmose,Lidl - Trek,50,Tadej Pogačar,UAE Team Emirates - XRG,50,Alexis Renard,Cofidis,63,Florian Lipowitz,Red Bull - BORA - hansgrohe,42,Jordan Jegat,Team TotalEnergies,52,Matteo Jorgenson,Team Visma | Lease a Bike,62,Remco Evenepoel,Soudal Quick-Step,71,Carlos Rodríguez,INEOS Grenadiers,50,Harold Tejada,XDS Astana Team,,,,,,,,,,,,,,,,,,
43,Niklas Märkl,Team Picnic PostNL,47,Jasper Philipsen,Alpecin - Deceuninck,36,Mathieu Van Der Poel,Alpecin - Deceuninck,44,Jhonatan Narváez,UAE Team Emirates - XRG,53,Primož Roglič,Red Bull - BORA - hansgrohe,48,Kévin Vauquelin,Arkéa - B&B Hotels,43,Florian Lipowitz,Red Bull - BORA - hansgrohe,40,Phil Bauhaus,Bahrain - Victorious,50,Tadej Pogačar,UAE Team Emirates - XRG,57,Remco Evenepoel,Soudal Quick-Step,40,Alberto Dainese,Tudor Pro Cycling Team,42,Raúl García Pierna,Arkéa - B&B Hotels,44,Carlos Rodríguez,INEOS Grenadiers,47,Adam Yates,UAE Team Emirates - XRG,47,Pascal Eenkhoorn,Soudal Quick-Step,,,,,,,,,,,,,,,,,,
37,Harry Sweeny,EF Education - EasyPost,41,João Almeida,UAE Team Emirates - XRG,35,Dylan Groenewegen,Team Jayco AlUla,40,Jonas Abrahamsen,Uno-X Mobility,31,Mathieu Van Der Poel,Alpecin - Deceuninck,45,Oscar Onley,Team Picnic PostNL,40,Iván García Cortina,Movistar Team,37,Lewis Askey,Groupama - FDJ,40,Pascal Ackermann,Israel - Premier Tech,44,Oscar Onley,Team Picnic PostNL,39,Tadej Pogačar,UAE Team Emirates - XRG,42,Guillaume Martin,Groupama - FDJ,43,Tobias Halland Johannessen,Uno-X Mobility,45,Jordan Jegat,Team TotalEnergies,43,Jonas Vingegaard,Team Visma | Lease a Bike,,,,,,,,,,,,,,,,,,
32,Benjamin Thomas,Cofidis,40,Yevgeniy Fedorov,XDS Astana Team,34,Tadej Pogačar,UAE Team Emirates - XRG,36,Lenny Martinez,Bahrain - Victorious,30,Tobias Foss,INEOS Grenadiers,37,Florian Lipowitz,Red Bull - BORA - hansgrohe,37,Romain Grégoire,Groupama - FDJ,34,Jonas Vingegaard,Team Visma | Lease a Bike,37,Arnaud Démare,Arkéa - B&B Hotels,42,Harry Sweeny,EF Education - EasyPost,38,Ben Healy,EF Education - EasyPost,37,Jhonatan Narváez,UAE Team Emirates - XRG,26,Enric Mas,Movistar Team,40,Harold Tejada,XDS Astana Team,40,Neilson Powless,EF Education - EasyPost,,,,,,,,,,,,,,,,,,
31,Krists Neilands,Israel - Premier Tech,39,Santiago Buitrago,Bahrain - Victorious,30,Jonas Vingegaard,Team Visma | Lease a Bike,36,Kasper Asgreen,EF Education - EasyPost,25,Nelson Oliveira,Movistar Team,36,Jonathan Milan,Lidl - Trek,36,Marco Haller,Tudor Pro Cycling Team,30,Bastien Tronchon,Decathlon AG2R La Mondiale Team,36,Jonas Rickaert,Alpecin - Deceuninck,36,Victor Campenaerts,Team Visma | Lease a Bike,34,Romain Grégoire,Groupama - FDJ,30,Sergio Higuita,XDS Astana Team,25,Harry Sweeny,EF Education - EasyPost,39,Jhonatan Narváez,UAE Team Emirates - XRG,40,Thibau Nys,Lidl - Trek,,,,,,,,,,,,,,,,,,
25,Kévin Vauquelin,Arkéa - B&B Hotels,37,Andreas Leknessund,Uno-X Mobility,30,Jake Stewart,Israel - Premier Tech,35,Alex Baudin,EF Education - EasyPost,20,Nils Politt,UAE Team Emirates - XRG,23,Santiago Buitrago,Bahrain - Victorious,32,Alex Baudin,EF Education - EasyPost,30,Anthony Turgis,Team TotalEnergies,36,Anthony Turgis,Team TotalEnergies,36,Tobias Halland Johannessen,Uno-X Mobility,26,Jonas Vingegaard,Team Visma | Lease a Bike,24,Ben O'Connor,Team Jayco AlUla,16,Julian Alaphilippe,Tudor Pro Cycling Team,32,Jonathan Milan,Lidl - Trek,30,Iván Romeo,Movistar Team,,,,,,,,,,,,,,,,,,
22,Jonathan Milan,Lidl - Trek,36,Matteo Jorgenson,Team Visma | Lease a Bike,26,Anthony Turgis,Team TotalEnergies,35,Tobias Halland Johannessen,Uno-X Mobility,19,Mattias Skjelmose,Lidl - Trek,23,Felix Gall,Decathlon AG2R La Mondiale Team,32,Primož Roglič,Red Bull - BORA - hansgrohe,27,Matteo Jorgenson,Team Visma | Lease a Bike,34,Remco Evenepoel,Soudal Quick-Step,32,Primož Roglič,Red Bull - BORA - hansgrohe,25,Simone Velasco,XDS Astana Team,23,Bruno Armirail,Decathlon AG2R La Mondiale Team,15,Cristián Rodríguez,Arkéa - B&B Hotels,30,Simon Yates,Team Visma | Lease a Bike,27,Jhonatan Narváez,UAE Team Emirates - XRG,,,,,,,,,,,,,,,,,,
20,Damien Touzé,Cofidis,32,Brent Van Moer,Lotto,25,Damien Touzé,Cofidis,32,Tiesj Benoot,Team Visma | Lease a Bike,16,Raúl García Pierna,Arkéa - B&B Hotels,22,João Almeida,UAE Team Emirates - XRG,32,Tim Wellens,UAE Team Emirates - XRG,26,Remco Evenepoel,Soudal Quick-Step,30,Jonas Vingegaard,Team Visma | Lease a Bike,32,Michael Woods,Israel - Premier Tech,24,Matteo Jorgenson,Team Visma | Lease a Bike,22,Mathieu Van Der Poel,Alpecin - Deceuninck,12,Ben Healy,EF Education - EasyPost,29,Ben O'Connor,Team Jayco AlUla,26,Mathieu Van Der Poel,Alpecin - Deceuninck,,,,,,,,,,,,,,,,,,
20,Mattéo Vercher,Team TotalEnergies,30,Marc Hirschi,Tudor Pro Cycling Team,24,Paul Penhoët,Groupama - FDJ,31,Enric Mas,Movistar Team,10,Oscar Onley,Team Picnic PostNL,20,Enric Mas,Movistar Team,31,Carlos Rodríguez,INEOS Grenadiers,25,Samuel Watson,INEOS Grenadiers,25,Dylan Groenewegen,Team Jayco AlUla,31,Alex Baudin,EF Education - EasyPost,22,Quentin Pacher,Groupama - FDJ,21,Michael Woods,Israel - Premier Tech,12,Jonathan Milan,Lidl - Trek,27,Einer Rubio,Movistar Team,26,Matej Mohorič,Bahrain - Victorious,,,,,,,,,,,,,,,,,,
18,Silvan Dillier,Alpecin - Deceuninck,29,Guillaume Martin,Groupama - FDJ,22,Matteo Jorgenson,Team Visma | Lease a Bike,28,Thomas Gachignard,Team TotalEnergies,9,Aurélien Paret-Peintre,Decathlon AG2R La Mondiale Team,20,Tim Wellens,UAE Team Emirates - XRG,30,Ewen Costiou,Arkéa - B&B Hotels,24,Tim Wellens,UAE Team Emirates - XRG,24,Matteo Jorgenson,Team Visma | Lease a Bike,28,Felix Gall,Decathlon AG2R La Mondiale Team,22,Remco Evenepoel,Soudal Quick-Step,20,Laurenz Rex,Intermarché - Wanty,8,Bruno Armirail,Decathlon AG2R La Mondiale Team,27,Michael Woods,Israel - Premier Tech,25,Santiago Buitrago,Bahrain - Victorious,,,,,,,,,,,,,,,,,,
18,Kaden Groves,Alpecin - Deceuninck,28,Bruno Armirail,Decathlon AG2R La Mondiale Team,20,Kévin Vauquelin,Arkéa - B&B Hotels,22,Tim Wellens,UAE Team Emirates - XRG,8,Jonathan Milan,Lidl - Trek,19,Primož Roglič,Red Bull - BORA - hansgrohe,28,Geraint Thomas,INEOS Grenadiers,22,Mathieu Van Der Poel,Alpecin - Deceuninck,24,Tim Wellens,UAE Team Emirates - XRG,25,Carlos Rodríguez,INEOS Grenadiers,19,Tobias Halland Johannessen,Uno-X Mobility,20,Nils Politt,UAE Team Emirates - XRG,8,Jordan Jegat,Team TotalEnergies,25,Sepp Kuss,Team Visma | Lease a Bike,25,Florian Lipowitz,Red Bull - BORA - hansgrohe,,,,,,,,,,,,,,,,,,
18,Xandro Meurisse,Alpecin - Deceuninck,19,Remco Evenepoel,Soudal Quick-Step,20,Yevgeniy Fedorov,XDS Astana Team,20,Primož Roglič,Red Bull - BORA - hansgrohe,8,Enric Mas,Movistar Team,16,Biniam Girmay,Intermarché - Wanty,20,Mathieu Van Der Poel,Alpecin - Deceuninck,22,Kévin Vauquelin,Arkéa - B&B Hotels,22,Kévin Vauquelin,Arkéa - B&B Hotels,25,Mauro Schmid,Team Jayco AlUla,17,Jhonatan Narváez,UAE Team Emirates - XRG,20,Pavel Sivakov,UAE Team Emirates - XRG,7,Guillaume Martin,Groupama - FDJ,22,Mathieu Van Der Poel,Alpecin - Deceuninck,25,Alexey Lutsenko,Israel - Premier Tech,,,,,,,,,,,,,,,,,,
18,Jonas Rickaert,Alpecin - Deceuninck,18,Silvan Dillier,Alpecin - Deceuninck,17,Tim Wellens,UAE Team Emirates - XRG,18,Jonathan Milan,Lidl - Trek,8,Tim Wellens,UAE Team Emirates - XRG,13,Mattias Skjelmose,Lidl - Trek,20,João Almeida,UAE Team Emirates - XRG,22,Biniam Girmay,Intermarché - Wanty,20,Alberto Dainese,Tudor Pro Cycling Team,23,Quinn Simmons,Lidl - Trek,16,Louis Barré,Intermarché - Wanty,20,Marc Soler,UAE Team Emirates - XRG,6,Mathieu Van Der Poel,Alpecin - Deceuninck,22,Aleksandr Vlasov,Red Bull - BORA - hansgrohe,22,Matteo Jorgenson,Team Visma | Lease a Bike,,,,,,,,,,,,,,,,,,
18,Mathieu Van Der Poel,Alpecin - Deceuninck,18,Kaden Groves,Alpecin - Deceuninck,15,Guillaume Martin,Groupama - FDJ,14,Nils Politt,UAE Team Emirates - XRG,7,Santiago Buitrago,Bahrain - Victorious,12,Kaden Groves,Alpecin - Deceuninck,20,Nils Politt,UAE Team Emirates - XRG,21,Tim Merlier,Soudal Quick-Step,16,Bastien Tronchon,Decathlon AG2R La Mondiale Team,22,Valentin Paret-Peintre,Soudal Quick-Step,15,Kévin Vauquelin,Arkéa - B&B Hotels,20,Tim Wellens,UAE Team Emirates - XRG,5,Ben O'Connor,Team Jayco AlUla,16,Biniam Girmay,Intermarché - Wanty,22,Michael Storer,Tudor Pro Cycling Team,,,,,,,,,,,,,,,,,,
18,Gianni Vermeersch,Alpecin - Deceuninck,18,Xandro Meurisse,Alpecin - Deceuninck,15,Enric Mas,Movistar Team,14,Pavel Sivakov,UAE Team Emirates - XRG,6,Biniam Girmay,Intermarché - Wanty,9,Anthony Turgis,Team TotalEnergies,20,Pavel Sivakov,UAE Team Emirates - XRG,20,Dylan Groenewegen,Team Jayco AlUla,16,Ben Healy,EF Education - EasyPost,20,Raúl García Pierna,Arkéa - B&B Hotels,14,Oscar Onley,Team Picnic PostNL,20,Adam Yates,UAE Team Emirates - XRG,4,Santiago Buitrago,Bahrain - Victorious,16,Valentin Paret-Peintre,Soudal Quick-Step,20,Carlos Rodríguez,INEOS Grenadiers,,,,,,,,,,,,,,,,,,
18,Emiel Verstrynge,Alpecin - Deceuninck,18,Jonas Rickaert,Alpecin - Deceuninck,14,Joseph Blackmore,Israel - Premier Tech,14,Marc Soler,UAE Team Emirates - XRG,6,Tobias Halland Johannessen,Uno-X Mobility,8,Silvan Dillier,Alpecin - Deceuninck,20,Marc Soler,UAE Team Emirates - XRG,19,Mattias Skjelmose,Lidl - Trek,15,Mattias Skjelmose,Lidl - Trek,20,Quentin Pacher,Groupama - FDJ,13,Florian Lipowitz,Red Bull - BORA - hansgrohe,16,Edoardo Affini,Team Visma | Lease a Bike,4,Biniam Girmay,Intermarché - Wanty,16,Nils Politt,UAE Team Emirates - XRG,20,Quinn Simmons,Lidl - Trek,,,,,,,,,,,,,,,,,,
16,Bryan Coquard,Cofidis,18,Gianni Vermeersch,Alpecin - Deceuninck,13,Tobias Halland Johannessen,Uno-X Mobility,14,Adam Yates,UAE Team Emirates - XRG,5,Carlos Rodríguez,INEOS Grenadiers,8,Xandro Meurisse,Alpecin - Deceuninck,20,Adam Yates,UAE Team Emirates - XRG,16,Ben Healy,EF Education - EasyPost,14,Oscar Onley,Team Picnic PostNL,20,Pablo Castrillo,Movistar Team,12,Lenny Martinez,Bahrain - Victorious,16,Tiesj Benoot,Team Visma | Lease a Bike,4,Jhonatan Narváez,UAE Team Emirates - XRG,16,Pavel Sivakov,UAE Team Emirates - XRG,20,Sepp Kuss,Team Visma | Lease a Bike,,,,,,,,,,,,,,,,,,
15,Tadej Pogačar,UAE Team Emirates - XRG,18,Emiel Verstrynge,Alpecin - Deceuninck,12,Clément Russo,Groupama - FDJ,13,Biniam Girmay,Intermarché - Wanty,4,Lenny Martinez,Bahrain - Victorious,8,Jonas Rickaert,Alpecin - Deceuninck,18,Cristián Rodríguez,Arkéa - B&B Hotels,15,Jhonatan Narváez,UAE Team Emirates - XRG,14,Jhonatan Narváez,UAE Team Emirates - XRG,20,Luke Plapp,Team Jayco AlUla,12,Jonathan Milan,Lidl - Trek,16,Victor Campenaerts,Team Visma | Lease a Bike,4,Michael Woods,Israel - Premier Tech,16,Marc Soler,UAE Team Emirates - XRG,20,Nils Politt,UAE Team Emirates - XRG,,,,,,,,,,,,,,,,,,
13,Jonas Vingegaard,Team Visma | Lease a Bike,18,Neilson Powless,EF Education - EasyPost,12,Ben O'Connor,Team Jayco AlUla,12,Silvan Dillier,Alpecin - Deceuninck,4,Ben O'Connor,Team Jayco AlUla,8,Gianni Vermeersch,Alpecin - Deceuninck,16,Ben Healy,EF Education - EasyPost,14,Oscar Onley,Team Picnic PostNL,13,Florian Lipowitz,Red Bull - BORA - hansgrohe,18,Bruno Armirail,Decathlon AG2R La Mondiale Team,12,Primož Roglič,Red Bull - BORA - hansgrohe,16,Sepp Kuss,Team Visma | Lease a Bike,2,Mattias Skjelmose,Lidl - Trek,16,Tim Wellens,UAE Team Emirates - XRG,20,Pavel Sivakov,UAE Team Emirates - XRG,,,,,,,,,,,,,,,,,,
10,Pascal Ackermann,Israel - Premier Tech,16,Tim Wellens,UAE Team Emirates - XRG,12,Niklas Märkl,Team Picnic PostNL,12,Kaden Groves,Alpecin - Deceuninck,4,Mauro Schmid,Team Jayco AlUla,8,Emiel Verstrynge,Alpecin - Deceuninck,16,Enric Mas,Movistar Team,13,Florian Lipowitz,Red Bull - BORA - hansgrohe,12,Primož Roglič,Red Bull - BORA - hansgrohe,16,Edoardo Affini,Team Visma | Lease a Bike,12,Tim Wellens,UAE Team Emirates - XRG,16,Wout Van Aert,Team Visma | Lease a Bike,2,Tim Merlier,Soudal Quick-Step,14,Edoardo Affini,Team Visma | Lease a Bike,20,Marc Soler,UAE Team Emirates - XRG,,,,,,,,,,,,,,,,,,
8,Louis Barré,Intermarché - Wanty,13,Joseph Blackmore,Israel - Premier Tech,11,Emanuel Buchmann,Cofidis,12,Xandro Meurisse,Alpecin - Deceuninck,3,Felix Gall,Decathlon AG2R La Mondiale Team,8,Vincenzo Albanese,EF Education - EasyPost,13,Jonathan Milan,Lidl - Trek,12,Quinn Simmons,Lidl - Trek,12,Pascal Eenkhoorn,Soudal Quick-Step,16,Tiesj Benoot,Team Visma | Lease a Bike,12,Clément Champoussin,XDS Astana Team,16,Simon Yates,Team Visma | Lease a Bike,1,Sepp Kuss,Team Visma | Lease a Bike,14,Tiesj Benoot,Team Visma | Lease a Bike,20,Adam Yates,UAE Team Emirates - XRG,,,,,,,,,,,,,,,,,,
8,Vito Braet,Intermarché - Wanty,12,Biniam Girmay,Intermarché - Wanty,10,Silvan Dillier,Alpecin - Deceuninck,12,Jonas Rickaert,Alpecin - Deceuninck,2,Benjamin Thomas,Cofidis,8,Kasper Asgreen,EF Education - EasyPost,12,Xandro Meurisse,Alpecin - Deceuninck,12,Primož Roglič,Red Bull - BORA - hansgrohe,12,Valentin Paret-Peintre,Soudal Quick-Step,16,Sepp Kuss,Team Visma | Lease a Bike,10,Felix Gall,Decathlon AG2R La Mondiale Team,16,Jordan Jegat,Team TotalEnergies,,,,14,Victor Campenaerts,Team Visma | Lease a Bike,19,Primož Roglič,Red Bull - BORA - hansgrohe,,,,,,,,,,,,,,,,,,
8,Hugo Page,Intermarché - Wanty,12,Tobias Halland Johannessen,Uno-X Mobility,10,Xandro Meurisse,Alpecin - Deceuninck,12,Gianni Vermeersch,Alpecin - Deceuninck,2,Tim Merlier,Soudal Quick-Step,8,Alex Baudin,EF Education - EasyPost,12,Edoardo Affini,Team Visma | Lease a Bike,12,Edoardo Affini,Team Visma | Lease a Bike,12,Maximilian Schachmann,Soudal Quick-Step,16,Wout Van Aert,Team Visma | Lease a Bike,9,Carlos Rodríguez,INEOS Grenadiers,13,Mattias Skjelmose,Lidl - Trek,,,,14,Matteo Jorgenson,Team Visma | Lease a Bike,18,Oscar Onley,Team Picnic PostNL,,,,,,,,,,,,,,,,,,
8,Laurenz Rex,Intermarché - Wanty,11,Emanuel Buchmann,Cofidis,10,Jasper Philipsen,Alpecin - Deceuninck,12,Emiel Verstrynge,Alpecin - Deceuninck,2,Steff Cras,Team TotalEnergies,8,Neilson Powless,EF Education - EasyPost,12,Tiesj Benoot,Team Visma | Lease a Bike,12,Tiesj Benoot,Team Visma | Lease a Bike,12,Bert Van Lerberghe,Soudal Quick-Step,15,Kévin Vauquelin,Arkéa - B&B Hotels,8,Alex Aranburu,Cofidis,12,Ben Healy,EF Education - EasyPost,,,,14,Wout Van Aert,Team Visma | Lease a Bike,16,Kévin Vauquelin,Arkéa - B&B Hotels,,,,,,,,,,,,,,,,,,
8,Jonas Rutsch,Intermarché - Wanty,11,Ben O'Connor,Team Jayco AlUla,10,Jonas Rickaert,Alpecin - Deceuninck,12,Edoardo Affini,Team Visma | Lease a Bike,1,Jack Haig,Bahrain - Victorious,8,Harry Sweeny,EF Education - EasyPost,12,Victor Campenaerts,Team Visma | Lease a Bike,12,Victor Campenaerts,Team Visma | Lease a Bike,12,Ilan Van Wilder,Soudal Quick-Step,15,Jordan Jegat,Team TotalEnergies,8,Vincenzo Albanese,EF Education - EasyPost,12,Jonathan Milan,Lidl - Trek,,,,10,Callum Scotson,Decathlon AG2R La Mondiale Team,16,Warren Barguil,Team Picnic PostNL,,,,,,,,,,,,,,,,,,
8,Roel Van Sintmaartensdijk,Intermarché - Wanty,8,Lewis Askey,Groupama - FDJ,10,Gianni Vermeersch,Alpecin - Deceuninck,12,Victor Campenaerts,Team Visma | Lease a Bike,1,Anthony Turgis,Team TotalEnergies,8,Michael Valgren,EF Education - EasyPost,12,Sepp Kuss,Team Visma | Lease a Bike,12,Sepp Kuss,Team Visma | Lease a Bike,12,João Almeida,UAE Team Emirates - XRG,12,Jonathan Milan,Lidl - Trek,8,Kasper Asgreen,EF Education - EasyPost,12,Thibau Nys,Lidl - Trek,,,,8,Guillaume Martin,Groupama - FDJ,16,Edoardo Affini,Team Visma | Lease a Bike,,,,,,,,,,,,,,,,,,
8,Georg Zimmermann,Intermarché - Wanty,8,Cyril Barthe,Groupama - FDJ,10,Emiel Verstrynge,Alpecin - Deceuninck,12,Sepp Kuss,Team Visma | Lease a Bike,,,,8,Marijn Van Den Berg,EF Education - EasyPost,12,Wout Van Aert,Team Visma | Lease a Bike,12,Simon Yates,Team Visma | Lease a Bike,12,Nils Politt,UAE Team Emirates - XRG,12,Jhonatan Narváez,UAE Team Emirates - XRG,8,Alex Baudin,EF Education - EasyPost,9,Carlos Rodríguez,INEOS Grenadiers,,,,8,Tobias Foss,INEOS Grenadiers,16,Tiesj Benoot,Team Visma | Lease a Bike,,,,,,,,,,,,,,,,,,
8,Julian Alaphilippe,Tudor Pro Cycling Team,8,Valentin Madouas,Groupama - FDJ,10,Aurélien Paret-Peintre,Decathlon AG2R La Mondiale Team,12,Simon Yates,Team Visma | Lease a Bike,,,,8,Edoardo Affini,Team Visma | Lease a Bike,12,Simon Yates,Team Visma | Lease a Bike,12,João Almeida,UAE Team Emirates - XRG,12,Pavel Sivakov,UAE Team Emirates - XRG,12,Tim Wellens,UAE Team Emirates - XRG,8,Neilson Powless,EF Education - EasyPost,8,Lenny Martinez,Bahrain - Victorious,,,,8,Axel Laurance,INEOS Grenadiers,16,Simon Yates,Team Visma | Lease a Bike,,,,,,,,,,,,,,,,,,
8,Alberto Dainese,Tudor Pro Cycling Team,8,Quentin Pacher,Groupama - FDJ,10,João Almeida,UAE Team Emirates - XRG,11,Marc Hirschi,Tudor Pro Cycling Team,,,,8,Tiesj Benoot,Team Visma | Lease a Bike,10,Biniam Girmay,Intermarché - Wanty,12,Nils Politt,UAE Team Emirates - XRG,12,Marc Soler,UAE Team Emirates - XRG,10,Vincenzo Albanese,EF Education - EasyPost,8,Harry Sweeny,EF Education - EasyPost,8,Stian Fredheim,Uno-X Mobility,,,,8,Connor Swift,INEOS Grenadiers,16,Arnaud De Lie,Lotto,,,,,,,,,,,,,,,,,,
8,Marco Haller,Tudor Pro Cycling Team,8,Paul Penhoët,Groupama - FDJ,9,Neilson Powless,EF Education - EasyPost,9,Guillaume Martin,Groupama - FDJ,,,,8,Victor Campenaerts,Team Visma | Lease a Bike,4,Aurélien Paret-Peintre,Decathlon AG2R La Mondiale Team,12,Pavel Sivakov,UAE Team Emirates - XRG,12,Adam Yates,UAE Team Emirates - XRG,10,Kasper Asgreen,EF Education - EasyPost,8,Michael Valgren,EF Education - EasyPost,6,Enric Mas,Movistar Team,,,,8,Geraint Thomas,INEOS Grenadiers,14,Felix Gall,Decathlon AG2R La Mondiale Team,,,,,,,,,,,,,,,,,,
8,Marc Hirschi,Tudor Pro Cycling Team,8,Clément Russo,Groupama - FDJ,9,Simone Consonni,Lidl - Trek,8,Alexey Lutsenko,Israel - Premier Tech,,,,8,Sepp Kuss,Team Visma | Lease a Bike,4,Mattia Cattaneo,Soudal Quick-Step,12,Marc Soler,UAE Team Emirates - XRG,12,Matteo Trentin,Tudor Pro Cycling Team,10,Neilson Powless,EF Education - EasyPost,8,Guillaume Martin,Groupama - FDJ,6,Simone Velasco,XDS Astana Team,,,,8,Samuel Watson,INEOS Grenadiers,13,Tobias Halland Johannessen,Uno-X Mobility,,,,,,,,,,,,,,,,,,
8,Fabian Lienhard,Tudor Pro Cycling Team,8,Jonathan Milan,Lidl - Trek,8,Kasper Asgreen,EF Education - EasyPost,6,Tim Merlier,Soudal Quick-Step,,,,8,Wout Van Aert,Team Visma | Lease a Bike,4,Pascal Eenkhoorn,Soudal Quick-Step,12,Adam Yates,UAE Team Emirates - XRG,9,Tobias Halland Johannessen,Uno-X Mobility,10,Michael Valgren,EF Education - EasyPost,8,Enric Mas,Movistar Team,6,Anthony Turgis,Team TotalEnergies,,,,8,Anthony Turgis,Team TotalEnergies,12,Lenny Martinez,Bahrain - Victorious,,,,,,,,,,,,,,,,,,
8,Michael Storer,Tudor Pro Cycling Team,8,Edoardo Affini,Team Visma | Lease a Bike,8,Lewis Askey,Groupama - FDJ,6,Joseph Blackmore,Israel - Premier Tech,,,,8,Jhonatan Narváez,UAE Team Emirates - XRG,4,Tim Merlier,Soudal Quick-Step,12,Cees Bol,XDS Astana Team,8,Simone Consonni,Lidl - Trek,8,Enric Mas,Movistar Team,8,Ben O'Connor,Team Jayco AlUla,5,Laurence Pithie,Red Bull - BORA - hansgrohe,,,,6,Quinn Simmons,Lidl - Trek,12,Guillaume Martin,Groupama - FDJ,,,,,,,,,,,,,,,,,,
5,Jordi Meeus,Red Bull - BORA - hansgrohe,8,Tiesj Benoot,Team Visma | Lease a Bike,8,Cyril Barthe,Groupama - FDJ,4,Santiago Buitrago,Bahrain - Victorious,,,,8,Nils Politt,UAE Team Emirates - XRG,4,Valentin Paret-Peintre,Soudal Quick-Step,9,Tobias Halland Johannessen,Uno-X Mobility,8,Enric Mas,Movistar Team,8,Iván Romeo,Movistar Team,8,Edoardo Affini,Team Visma | Lease a Bike,4,Aurélien Paret-Peintre,Decathlon AG2R La Mondiale Team,,,,6,Sergio Higuita,XDS Astana Team,12,Jonathan Milan,Lidl - Trek,,,,,,,,,,,,,,,,,,
4,Lewis Askey,Groupama - FDJ,8,Victor Campenaerts,Team Visma | Lease a Bike,8,Romain Grégoire,Groupama - FDJ,4,Lewis Askey,Groupama - FDJ,,,,8,Pavel Sivakov,UAE Team Emirates - XRG,4,Maximilian Schachmann,Soudal Quick-Step,8,Simone Consonni,Lidl - Trek,8,Danny Van Poppel,Red Bull - BORA - hansgrohe,8,Nils Politt,UAE Team Emirates - XRG,8,Tiesj Benoot,Team Visma | Lease a Bike,4,Biniam Girmay,Intermarché - Wanty,,,,5,Ewen Costiou,Arkéa - B&B Hotels,12,Andreas Leknessund,Uno-X Mobility,,,,,,,,,,,,,,,,,,
4,Cyril Barthe,Groupama - FDJ,8,Sepp Kuss,Team Visma | Lease a Bike,8,Valentin Madouas,Groupama - FDJ,4,Cyril Barthe,Groupama - FDJ,,,,8,Marc Soler,UAE Team Emirates - XRG,4,Bert Van Lerberghe,Soudal Quick-Step,8,Thibau Nys,Lidl - Trek,8,Edoardo Affini,Team Visma | Lease a Bike,8,Pavel Sivakov,UAE Team Emirates - XRG,8,Victor Campenaerts,Team Visma | Lease a Bike,4,Edward Theuns,Lidl - Trek,,,,5,Michael Storer,Tudor Pro Cycling Team,11,Ben Healy,EF Education - EasyPost,,,,,,,,,,,,,,,,,,
4,Romain Grégoire,Groupama - FDJ,8,Wout Van Aert,Team Visma | Lease a Bike,8,Quentin Pacher,Groupama - FDJ,4,Valentin Madouas,Groupama - FDJ,,,,8,Adam Yates,UAE Team Emirates - XRG,4,Ilan Van Wilder,Soudal Quick-Step,8,Toms Skujiņš,Lidl - Trek,8,Tiesj Benoot,Team Visma | Lease a Bike,8,Marc Soler,UAE Team Emirates - XRG,8,Sepp Kuss,Team Visma | Lease a Bike,4,Tim Merlier,Soudal Quick-Step,,,,4,Julian Alaphilippe,Tudor Pro Cycling Team,11,Thymen Arensman,INEOS Grenadiers,,,,,,,,,,,,,,,,,,
4,Valentin Madouas,Groupama - FDJ,8,Simon Yates,Team Visma | Lease a Bike,8,Mattia Cattaneo,Soudal Quick-Step,4,Quentin Pacher,Groupama - FDJ,,,,6,Jordan Jegat,Team TotalEnergies,4,Sergio Higuita,XDS Astana Team,8,Jasper Stuyven,Lidl - Trek,8,Victor Campenaerts,Team Visma | Lease a Bike,8,Adam Yates,UAE Team Emirates - XRG,8,Simon Yates,Team Visma | Lease a Bike,4,Michael Storer,Tudor Pro Cycling Team,,,,3,Cristián Rodríguez,Arkéa - B&B Hotels,9,Ben O'Connor,Team Jayco AlUla,,,,,,,,,,,,,,,,,,
4,Guillaume Martin,Groupama - FDJ,8,Jhonatan Narváez,UAE Team Emirates - XRG,8,Pascal Eenkhoorn,Soudal Quick-Step,4,Paul Penhoët,Groupama - FDJ,,,,6,Tobias Halland Johannessen,Uno-X Mobility,4,Anthony Turgis,Team TotalEnergies,8,Edward Theuns,Lidl - Trek,8,Sepp Kuss,Team Visma | Lease a Bike,6,Biniam Girmay,Intermarché - Wanty,8,Nils Politt,UAE Team Emirates - XRG,2,Amaury Capiot,Arkéa - B&B Hotels,,,,3,Matteo Trentin,Tudor Pro Cycling Team,8,Jake Stewart,Israel - Premier Tech,,,,,,,,,,,,,,,,,,
4,Quentin Pacher,Groupama - FDJ,8,Nils Politt,UAE Team Emirates - XRG,8,Remco Evenepoel,Soudal Quick-Step,4,Clément Russo,Groupama - FDJ,,,,5,Aurélien Paret-Peintre,Decathlon AG2R La Mondiale Team,3,Guillaume Martin,Groupama - FDJ,8,Enric Mas,Movistar Team,8,Wout Van Aert,Team Visma | Lease a Bike,6,Mattias Skjelmose,Lidl - Trek,8,Pavel Sivakov,UAE Team Emirates - XRG,2,Ewen Costiou,Arkéa - B&B Hotels,,,,2,Bruno Armirail,Decathlon AG2R La Mondiale Team,4,Biniam Girmay,Intermarché - Wanty,,,,,,,,,,,,,,,,,,
4,Jonas Abrahamsen,Uno-X Mobility,8,Pavel Sivakov,UAE Team Emirates - XRG,8,Valentin Paret-Peintre,Soudal Quick-Step,4,Anthony Turgis,Team TotalEnergies,,,,5,Julian Alaphilippe,Tudor Pro Cycling Team,3,Ben O'Connor,Team Jayco AlUla,7,Felix Gall,Decathlon AG2R La Mondiale Team,8,Simon Yates,Team Visma | Lease a Bike,6,Tim Merlier,Soudal Quick-Step,8,Marc Soler,UAE Team Emirates - XRG,2,Arnaud Démare,Arkéa - B&B Hotels,,,,2,Clément Berthet,Decathlon AG2R La Mondiale Team,4,Jordi Meeus,Red Bull - BORA - hansgrohe,,,,,,,,,,,,,,,,,,
4,Magnus Cort,Uno-X Mobility,8,Marc Soler,UAE Team Emirates - XRG,8,Maximilian Schachmann,Soudal Quick-Step,3,Jenno Berckmoes,Lotto,,,,4,Carlos Rodríguez,INEOS Grenadiers,2,Amaury Capiot,Arkéa - B&B Hotels,6,Arnaud Démare,Arkéa - B&B Hotels,7,Felix Gall,Decathlon AG2R La Mondiale Team,5,Guillaume Martin,Groupama - FDJ,8,Adam Yates,UAE Team Emirates - XRG,2,Mathis Le Berre,Arkéa - B&B Hotels,,,,2,Oliver Naesen,Decathlon AG2R La Mondiale Team,4,Gianni Moscon,Red Bull - BORA - hansgrohe,,,,,,,,,,,,,,,,,,
4,Stian Fredheim,Uno-X Mobility,8,Adam Yates,UAE Team Emirates - XRG,8,Bert Van Lerberghe,Soudal Quick-Step,2,Benjamin Thomas,Cofidis,,,,4,Simone Consonni,Lidl - Trek,2,Arnaud Démare,Arkéa - B&B Hotels,6,Carlos Rodríguez,INEOS Grenadiers,6,Carlos Rodríguez,INEOS Grenadiers,4,Tobias Foss,INEOS Grenadiers,8,Magnus Cort,Uno-X Mobility,2,Clément Venturini,Arkéa - B&B Hotels,,,,2,Aurélien Paret-Peintre,Decathlon AG2R La Mondiale Team,4,Laurence Pithie,Red Bull - BORA - hansgrohe,,,,,,,,,,,,,,,,,,
4,Markus Hoelgaard,Uno-X Mobility,6,Benjamin Thomas,Cofidis,8,Ilan Van Wilder,Soudal Quick-Step,2,Felix Gall,Decathlon AG2R La Mondiale Team,,,,4,Thibau Nys,Lidl - Trek,2,Raúl García Pierna,Arkéa - B&B Hotels,6,Laurenz Rex,Intermarché - Wanty,5,Guillaume Martin,Groupama - FDJ,4,Axel Laurance,INEOS Grenadiers,8,Stian Fredheim,Uno-X Mobility,2,Jordi Meeus,Red Bull - BORA - hansgrohe,,,,2,Bastien Tronchon,Decathlon AG2R La Mondiale Team,4,Mick Van Dijke,Red Bull - BORA - hansgrohe,,,,,,,,,,,,,,,,,,
4,Anders Halland Johannessen,Uno-X Mobility,6,Mattias Skjelmose,Lidl - Trek,8,Oscar Onley,Team Picnic PostNL,2,Simone Consonni,Lidl - Trek,,,,4,Toms Skujiņš,Lidl - Trek,2,Mathis Le Berre,Arkéa - B&B Hotels,5,Jordan Jegat,Team TotalEnergies,5,Jordan Jegat,Team TotalEnergies,4,Connor Swift,INEOS Grenadiers,8,Markus Hoelgaard,Uno-X Mobility,2,Gianni Moscon,Red Bull - BORA - hansgrohe,,,,2,Jordi Meeus,Red Bull - BORA - hansgrohe,4,Danny Van Poppel,Red Bull - BORA - hansgrohe,,,,,,,,,,,,,,,,,,
4,Tobias Halland Johannessen,Uno-X Mobility,6,Anthony Turgis,Team TotalEnergies,7,Santiago Buitrago,Bahrain - Victorious,1,Florian Lipowitz,Red Bull - BORA - hansgrohe,,,,4,Jasper Stuyven,Lidl - Trek,2,Clément Venturini,Arkéa - B&B Hotels,4,Ewen Costiou,Arkéa - B&B Hotels,4,Ewen Costiou,Arkéa - B&B Hotels,4,Geraint Thomas,INEOS Grenadiers,8,Anders Halland Johannessen,Uno-X Mobility,2,Mick Van Dijke,Red Bull - BORA - hansgrohe,,,,2,Gianni Moscon,Red Bull - BORA - hansgrohe,3,Cristián Rodríguez,Arkéa - B&B Hotels,,,,,,,,,,,,,,,,,,
4,Andreas Leknessund,Uno-X Mobility,5,Tim Merlier,Soudal Quick-Step,7,Mattias Skjelmose,Lidl - Trek,1,Jarrad Drizners,Lotto,,,,4,Edward Theuns,Lidl - Trek,2,Lewis Askey,Groupama - FDJ,4,Aurélien Paret-Peintre,Decathlon AG2R La Mondiale Team,4,Aurélien Paret-Peintre,Decathlon AG2R La Mondiale Team,4,Samuel Watson,INEOS Grenadiers,8,Andreas Leknessund,Uno-X Mobility,2,Danny Van Poppel,Red Bull - BORA - hansgrohe,,,,2,Laurence Pithie,Red Bull - BORA - hansgrohe,3,Jarrad Drizners,Lotto,,,,,,,,,,,,,,,,,,
3,Tobias Lund Andresen,Team Picnic PostNL,2,Felix Gall,Decathlon AG2R La Mondiale Team,6,Benjamin Thomas,Cofidis,,,,,,,4,Tim Merlier,Soudal Quick-Step,2,Cyril Barthe,Groupama - FDJ,4,Guillaume Martin,Groupama - FDJ,4,Thibau Nys,Lidl - Trek,4,Sergio Higuita,XDS Astana Team,6,Michael Woods,Israel - Premier Tech,2,Aleksandr Vlasov,Red Bull - BORA - hansgrohe,,,,2,Mick Van Dijke,Red Bull - BORA - hansgrohe,2,Kaden Groves,Alpecin - Deceuninck,,,,,,,,,,,,,,,,,,
2,Simone Consonni,Lidl - Trek,1,Bryan Coquard,Cofidis,6,Hugo Page,Intermarché - Wanty,,,,,,,2,Lewis Askey,Groupama - FDJ,2,Valentin Madouas,Groupama - FDJ,4,Pascal Eenkhoorn,Soudal Quick-Step,4,Quinn Simmons,Lidl - Trek,2,Mathieu Van Der Poel,Alpecin - Deceuninck,4,Biniam Girmay,Intermarché - Wanty,2,Pascal Eenkhoorn,Soudal Quick-Step,,,,2,Danny Van Poppel,Red Bull - BORA - hansgrohe,2,Tim Merlier,Soudal Quick-Step,,,,,,,,,,,,,,,,,,
1,Mattia Cattaneo,Soudal Quick-Step,,,,6,Edoardo Affini,Team Visma | Lease a Bike,,,,,,,2,Cyril Barthe,Groupama - FDJ,2,Quentin Pacher,Groupama - FDJ,4,Valentin Paret-Peintre,Soudal Quick-Step,4,Toms Skujiņš,Lidl - Trek,2,Clément Berthet,Decathlon AG2R La Mondiale Team,4,Tim Merlier,Soudal Quick-Step,2,Valentin Paret-Peintre,Soudal Quick-Step,,,,2,Tim Merlier,Soudal Quick-Step,2,Sergio Higuita,XDS Astana Team,,,,,,,,,,,,,,,,,,
,,,,,,6,Tiesj Benoot,Team Visma | Lease a Bike,,,,,,,2,Romain Grégoire,Groupama - FDJ,2,Paul Penhoët,Groupama - FDJ,4,Maximilian Schachmann,Soudal Quick-Step,4,Jasper Stuyven,Lidl - Trek,2,Oliver Naesen,Decathlon AG2R La Mondiale Team,4,Luke Durbridge,Team Jayco AlUla,2,Maximilian Schachmann,Soudal Quick-Step,,,,2,Matis Louvel,Israel - Premier Tech,2,Michael Woods,Israel - Premier Tech,,,,,,,,,,,,,,,,,,
,,,,,,6,Victor Campenaerts,Team Visma | Lease a Bike,,,,,,,2,Valentin Madouas,Groupama - FDJ,2,Clément Russo,Groupama - FDJ,4,Bert Van Lerberghe,Soudal Quick-Step,4,Edward Theuns,Lidl - Trek,2,Aurélien Paret-Peintre,Decathlon AG2R La Mondiale Team,4,Dylan Groenewegen,Team Jayco AlUla,2,Bert Van Lerberghe,Soudal Quick-Step,,,,,,,2,Alberto Dainese,Tudor Pro Cycling Team,,,,,,,,,,,,,,,,,,
,,,,,,6,Sepp Kuss,Team Visma | Lease a Bike,,,,,,,2,Guillaume Martin,Groupama - FDJ,2,Quinn Simmons,Lidl - Trek,4,Ilan Van Wilder,Soudal Quick-Step,4,Cees Bol,XDS Astana Team,2,Callum Scotson,Decathlon AG2R La Mondiale Team,4,Luka Mezgec,Team Jayco AlUla,2,Ilan Van Wilder,Soudal Quick-Step,,,,,,,2,Marco Haller,Tudor Pro Cycling Team,,,,,,,,,,,,,,,,,,
,,,,,,6,Wout Van Aert,Team Visma | Lease a Bike,,,,,,,2,Quentin Pacher,Groupama - FDJ,2,Tobias Lund Andresen,Team Picnic PostNL,3,Georg Zimmermann,Intermarché - Wanty,3,Bryan Coquard,Cofidis,2,Bastien Tronchon,Decathlon AG2R La Mondiale Team,4,Luke Plapp,Team Jayco AlUla,2,Matteo Trentin,Tudor Pro Cycling Team,,,,,,,2,Marc Hirschi,Tudor Pro Cycling Team,,,,,,,,,,,,,,,,,,
,,,,,,6,Simon Yates,Team Visma | Lease a Bike,,,,,,,2,Paul Penhoët,Groupama - FDJ,2,Warren Barguil,Team Picnic PostNL,2,Silvan Dillier,Alpecin - Deceuninck,2,Amaury Capiot,Arkéa - B&B Hotels,2,Romain Grégoire,Groupama - FDJ,4,Elmar Reinders,Team Jayco AlUla,1,Emanuel Buchmann,Cofidis,,,,,,,2,Fabian Lienhard,Tudor Pro Cycling Team,,,,,,,,,,,,,,,,,,
,,,,,,4,Thibau Nys,Lidl - Trek,,,,,,,2,Clément Russo,Groupama - FDJ,2,Pavel Bittner,Team Picnic PostNL,2,Xandro Meurisse,Alpecin - Deceuninck,2,Raúl García Pierna,Arkéa - B&B Hotels,2,Pascal Eenkhoorn,Soudal Quick-Step,3,Mattias Skjelmose,Lidl - Trek,1,Tobias Foss,INEOS Grenadiers,,,,,,,2,Marius Mayrhofer,Tudor Pro Cycling Team,,,,,,,,,,,,,,,,,,
,,,,,,4,Quinn Simmons,Lidl - Trek,,,,,,,2,Laurenz Rex,Intermarché - Wanty,2,Sean Flynn,Team Picnic PostNL,2,Jonas Rickaert,Alpecin - Deceuninck,2,Mathis Le Berre,Arkéa - B&B Hotels,2,Maximilian Schachmann,Soudal Quick-Step,2,Silvan Dillier,Alpecin - Deceuninck,,,,,,,,,,2,Matteo Trentin,Tudor Pro Cycling Team,,,,,,,,,,,,,,,,,,
,,,,,,4,Toms Skujiņš,Lidl - Trek,,,,,,,2,Mattia Cattaneo,Soudal Quick-Step,2,Niklas Märkl,Team Picnic PostNL,2,Gianni Vermeersch,Alpecin - Deceuninck,2,Cristián Rodríguez,Arkéa - B&B Hotels,2,Bert Van Lerberghe,Soudal Quick-Step,2,Xandro Meurisse,Alpecin - Deceuninck,,,,,,,,,,1,Enric Mas,Movistar Team,,,,,,,,,,,,,,,,,,
,,,,,,4,Jasper Stuyven,Lidl - Trek,,,,,,,2,Pascal Eenkhoorn,Soudal Quick-Step,2,Tim Naberman,Team Picnic PostNL,2,Emiel Verstrynge,Alpecin - Deceuninck,2,Clément Venturini,Arkéa - B&B Hotels,2,Ilan Van Wilder,Soudal Quick-Step,2,Jonas Rickaert,Alpecin - Deceuninck,,,,,,,,,,1,Tobias Lund Andresen,Team Picnic PostNL,,,,,,,,,,,,,,,,,,
,,,,,,4,Edward Theuns,Lidl - Trek,,,,,,,2,Valentin Paret-Peintre,Soudal Quick-Step,2,Frank Van Den Broek,Team Picnic PostNL,2,Amaury Capiot,Arkéa - B&B Hotels,2,Lewis Askey,Groupama - FDJ,1,Emanuel Buchmann,Cofidis,2,Gianni Vermeersch,Alpecin - Deceuninck,,,,,,,,,,,,,,,,,,,,,,,,,,,,,,
,,,,,,4,Jhonatan Narváez,UAE Team Emirates - XRG,,,,,,,2,Maximilian Schachmann,Soudal Quick-Step,1,Laurenz Rex,Intermarché - Wanty,2,Raúl García Pierna,Arkéa - B&B Hotels,2,Cyril Barthe,Groupama - FDJ,1,Anthony Turgis,Team TotalEnergies,2,Emiel Verstrynge,Alpecin - Deceuninck,,,,,,,,,,,,,,,,,,,,,,,,,,,,,,
,,,,,,4,Nils Politt,UAE Team Emirates - XRG,,,,,,,2,Bert Van Lerberghe,Soudal Quick-Step,1,Eddie Dunbar,Team Jayco AlUla,2,Mathis Le Berre,Arkéa - B&B Hotels,2,Romain Grégoire,Groupama - FDJ,,,,2,Lewis Askey,Groupama - FDJ,,,,,,,,,,,,,,,,,,,,,,,,,,,,,,
,,,,,,4,Pavel Sivakov,UAE Team Emirates - XRG,,,,,,,2,Ilan Van Wilder,Soudal Quick-Step,,,,2,Cristián Rodríguez,Arkéa - B&B Hotels,2,Valentin Madouas,Groupama - FDJ,,,,2,Cyril Barthe,Groupama - FDJ,,,,,,,,,,,,,,,,,,,,,,,,,,,,,,
,,,,,,4,Marc Soler,UAE Team Emirates - XRG,,,,,,,2,Alberto Dainese,Tudor Pro Cycling Team,,,,2,Clément Venturini,Arkéa - B&B Hotels,2,Quentin Pacher,Groupama - FDJ,,,,2,Valentin Madouas,Groupama - FDJ,,,,,,,,,,,,,,,,,,,,,,,,,,,,,,
,,,,,,4,Adam Yates,UAE Team Emirates - XRG,,,,,,,2,Marco Haller,Tudor Pro Cycling Team,,,,2,Cyril Barthe,Groupama - FDJ,2,Clément Russo,Groupama - FDJ,,,,2,Paul Penhoët,Groupama - FDJ,,,,,,,,,,,,,,,,,,,,,,,,,,,,,,
,,,,,,4,Jenno Berckmoes,Lotto,,,,,,,2,Marc Hirschi,Tudor Pro Cycling Team,,,,2,Romain Grégoire,Groupama - FDJ,2,Jenno Berckmoes,Lotto,,,,2,Clément Russo,Groupama - FDJ,,,,,,,,,,,,,,,,,,,,,,,,,,,,,,
,,,,,,2,Kamil Gradek,Bahrain - Victorious,,,,,,,2,Fabian Lienhard,Tudor Pro Cycling Team,,,,2,Valentin Madouas,Groupama - FDJ,2,Jarrad Drizners,Lotto,,,,2,Thymen Arensman,INEOS Grenadiers,,,,,,,,,,,,,,,,,,,,,,,,,,,,,,
,,,,,,2,Jack Haig,Bahrain - Victorious,,,,,,,2,Marius Mayrhofer,Tudor Pro Cycling Team,,,,2,Quentin Pacher,Groupama - FDJ,2,Sébastien Grignard,Lotto,,,,2,Pascal Eenkhoorn,Soudal Quick-Step,,,,,,,,,,,,,,,,,,,,,,,,,,,,,,
,,,,,,2,Lenny Martinez,Bahrain - Victorious,,,,,,,2,Matteo Trentin,Tudor Pro Cycling Team,,,,2,Paul Penhoët,Groupama - FDJ,2,Eduardo Sepúlveda,Lotto,,,,2,Valentin Paret-Peintre,Soudal Quick-Step,,,,,,,,,,,,,,,,,,,,,,,,,,,,,,
,,,,,,2,Matej Mohorič,Bahrain - Victorious,,,,,,,1,Jack Haig,Bahrain - Victorious,,,,2,Clément Russo,Groupama - FDJ,2,Lennert Van Eetvelt,Lotto,,,,2,Maximilian Schachmann,Soudal Quick-Step,,,,,,,,,,,,,,,,,,,,,,,,,,,,,,
,,,,,,2,Robert Stannard,Bahrain - Victorious,,,,,,,1,Bastien Tronchon,Decathlon AG2R La Mondiale Team,,,,2,Roel Van Sintmaartensdijk,Intermarché - Wanty,2,Brent Van Moer,Lotto,,,,2,Bert Van Lerberghe,Soudal Quick-Step,,,,,,,,,,,,,,,,,,,,,,,,,,,,,,
,,,,,,2,Fred Wright,Bahrain - Victorious,,,,,,,,,,,,,1,Neilson Powless,EF Education - EasyPost,1,Emanuel Buchmann,Cofidis,,,,2,Ilan Van Wilder,Soudal Quick-Step,,,,,,,,,,,,,,,,,,,,,,,,,,,,,,
,,,,,,2,Laurenz Rex,Intermarché - Wanty,,,,,,,,,,,,,1,Ben O'Connor,Team Jayco AlUla,1,Luke Plapp,Team Jayco AlUla,,,,1,Emanuel Buchmann,Cofidis,,,,,,,,,,,,,,,,,,,,,,,,,,,,,,
,,,,,,2,Alexandre Delettre,Team TotalEnergies,,,,,,,,,,,,,1,Michael Storer,Tudor Pro Cycling Team,1,Michael Storer,Tudor Pro Cycling Team,,,,1,Anthony Turgis,Team TotalEnergies,,,,,,,,,,,,,,,,,,,,,,,,,,,,,,
,,,,,,1,Felix Gall,Decathlon AG2R La Mondiale Team,,,,,,,,,,,,,,,,,,,,,,,,,,,,,,,,,,,,,,,,,,,,,,,,,,,,,,
,,,,,,1,Andreas Leknessund,Uno-X Mobility,,,,,,,,,,,,,,,,,,,,,,,,,,,,,,,,,,,,,,,,,,,,,,,,,,,,,,
