Stage 1 ,Stage 2,Stage 3,Stage 4,Stage 5,Stage 6,Stage 7,Stage 8,Stage 9,Stage 10,Stage 11,Stage 12,Stage 13,Stage 14,Stage 15,Stage 16,Stage 17,Stage 18,Stage 19,Stage 20,Stage 21
272 points,258 points,226 points,264 points,246 points,264 points,274 points,252 points,234 points,248 points,260 points,304 points,270 points,292 points,252 points,,,,,,
Jasper Philipsen,Mathieu Van Der Poel,Tim Merlier,Tadej Pogačar,Remco Evenepoel,Ben Healy,Tadej Pogačar,Jonathan Milan,Tim Merlier,Simon Yates,Jonas Abrahamsen,Tadej Pogačar,Tadej Pogačar,Thymen Arensman,Tim Wellens,,,,,,
Alpecin - Deceuninck,Alpecin - Deceuninck,Soudal Quick-Step,UAE Team Emirates - XRG,Soudal Quick-Step,EF Education - EasyPost,UAE Team Emirates - XRG,Lidl - Trek,Soudal Quick-Step,Team Visma | Lease a Bike,Uno-X Mobility,UAE Team Emirates - XRG,UAE Team Emirates - XRG,INEOS Grenadiers,UAE Team Emirates - XRG,,,,,,
,,,,,,,,,,,,,,,,,,,,
,,,,,,,,,,,,,,,,,,,,
226 points,219 points,212 points,216 points,234 points,206 points,212 points,188 points,204 points,218 points,212 points,243 points,213 points,255 points,216 points,,,,,,
,,,,,,,,,,,,,,,,,,,,
Biniam Girmay,Tadej Pogačar,Jonathan Milan,Mathieu Van Der Poel,Tadej Pogačar,Quinn Simmons,Jonas Vingegaard,Wout Van Aert,Jonathan Milan,Ben Healy,Mauro Schmid,Jonas Vingegaard,Jonas Vingegaard,Tadej Pogačar,Victor Campenaerts,,,,,,
Intermarché - Wanty,UAE Team Emirates - XRG,Lidl - Trek,Alpecin - Deceuninck,UAE Team Emirates - XRG,Lidl - Trek,Team Visma | Lease a Bike,Team Visma | Lease a Bike,Lidl - Trek,EF Education - EasyPost,Team Jayco AlUla,Team Visma | Lease a Bike,Team Visma | Lease a Bike,UAE Team Emirates - XRG,Team Visma | Lease a Bike,,,,,,
,,,,,,,,,,,,,,,,,,,,
,,,,,,,,,,,,,,,,,,,,
183 points,190 points,160 points,196 points,160 points,182 points,174 points,160 points,162 points,204 points,169 points,198 points,174 points,219 points,160 points,,,,,,
,,,,,,,,,,,,,,,,,,,,
Søren Wærenskjold,Jonas Vingegaard,Phil Bauhaus,Jonas Vingegaard,Edoardo Affini,Michael Storer,Oscar Onley,Kaden Groves,Arnaud De Lie,Thymen Arensman,Mathieu Van Der Poel,Florian Lipowitz,Primož Roglič,Jonas Vingegaard,Julian Alaphilippe,,,,,,
Uno-X Mobility,Team Visma | Lease a Bike,Bahrain - Victorious,Team Visma | Lease a Bike,Team Visma | Lease a Bike,Tudor Pro Cycling Team,Team Picnic PostNL,Alpecin - Deceuninck,Lotto,INEOS Grenadiers,Alpecin - Deceuninck,Red Bull - BORA - hansgrohe,Red Bull - BORA - hansgrohe,Team Visma | Lease a Bike,Tudor Pro Cycling Team,,,,,,
,,,,,,,,,,,,,,,,,,,,
,,,,,,,,,,,,,,,,,,,,
170 points,148 points,144 points,154 points,143 points,164 points,147 points,140 points,140 points,163 points,144 points,168 points,159 points,171 points,156 points,,,,,,
,,,,,,,,,,,,,,,,,,,,
Anthony Turgis,Romain Grégoire,Søren Wærenskjold,Oscar Onley,Kévin Vauquelin,Eddie Dunbar,Felix Gall,Pascal Ackermann,Pavel Bittner,Ben O'Connor,Arnaud De Lie,Tobias Halland Johannessen,Florian Lipowitz,Felix Gall,Wout Van Aert,,,,,,
Team TotalEnergies,Groupama - FDJ,Uno-X Mobility,Team Picnic PostNL,Arkéa - B&B Hotels,Team Jayco AlUla,Decathlon AG2R La Mondiale Team,Israel - Premier Tech,Team Picnic PostNL,Team Jayco AlUla,Lotto,Uno-X Mobility,Red Bull - BORA - hansgrohe,Decathlon AG2R La Mondiale Team,Team Visma | Lease a Bike,,,,,,
,,,,,,,,,,,,,,,,,,,,
,,,,,,,,,,,,,,,,,,,,
144 points,120 points,122 points,137 points,140 points,154 points,147 points,120 points,124 points,140 points,130 points,145 points,121 points,153 points,120 points,,,,,,
,,,,,,,,,,,,,,,,,,,,
Matteo Trentin,Julian Alaphilippe,Biniam Girmay,João Almeida,Bruno Armirail,Mathieu Van Der Poel,Matteo Jorgenson,Arnaud De Lie,Biniam Girmay,Michael Storer,Wout Van Aert,Oscar Onley,Matteo Jorgenson,Florian Lipowitz,Axel Laurance,,,,,,
Tudor Pro Cycling Team,Tudor Pro Cycling Team,Intermarché - Wanty,UAE Team Emirates - XRG,Decathlon AG2R La Mondiale Team,Alpecin - Deceuninck,Team Visma | Lease a Bike,Lotto,Intermarché - Wanty,Tudor Pro Cycling Team,Team Visma | Lease a Bike,Team Picnic PostNL,Team Visma | Lease a Bike,Red Bull - BORA - hansgrohe,INEOS Grenadiers,,,,,,
,,,,,,,,,,,,,,,,,,,,
,,,,,,,,,,,,,,,,,,,,
129 points,115 points,120 points,124 points,122 points,148 points,136 points,110 points,122 points,135 points,123 points,134 points,120 points,134 points,114 points,,,,,,
,,,,,,,,,,,,,,,,,,,,
Clément Russo,Oscar Onley,Pavel Bittner,Romain Grégoire,Florian Lipowitz,Simon Yates,Remco Evenepoel,Tobias Lund Andresen,Paul Penhoët,Anders Halland Johannessen,Fred Wright,Kévin Vauquelin,Luke Plapp,Oscar Onley,Aleksandr Vlasov,,,,,,
Groupama - FDJ,Team Picnic PostNL,Team Picnic PostNL,Groupama - FDJ,Red Bull - BORA - hansgrohe,Team Visma | Lease a Bike,Soudal Quick-Step,Team Picnic PostNL,Groupama - FDJ,Uno-X Mobility,Bahrain - Victorious,Arkéa - B&B Hotels,Team Jayco AlUla,Team Picnic PostNL,Red Bull - BORA - hansgrohe,,,,,,
,,,,,,,,,,,,,,,,,,,,
,,,,,,,,,,,,,,,,,,,,
121 points,104 points,117 points,110 points,95 points,130 points,117 points,100 points,95 points,134 points,111 points,121 points,111 points,111 points,95 points,,,,,,
,,,,,,,,,,,,,,,,,,,,
Paul Penhoët,Aurélien Paret-Peintre,Kaden Groves,Matteo Jorgenson,Iván Romeo,Will Barta,Kévin Vauquelin,Bryan Coquard,Phil Bauhaus,Joseph Blackmore,Axel Laurance,Remco Evenepoel,Oscar Onley,Ben Healy,Jasper Stuyven,,,,,,
Groupama - FDJ,Decathlon AG2R La Mondiale Team,Alpecin - Deceuninck,Team Visma | Lease a Bike,Movistar Team,Movistar Team,Arkéa - B&B Hotels,Cofidis,Bahrain - Victorious,Israel - Premier Tech,INEOS Grenadiers,Soudal Quick-Step,Team Picnic PostNL,EF Education - EasyPost,Lidl - Trek,,,,,,
,,,,,,,,,,,,,,,,,,,,
,,,,,,,,,,,,,,,,,,,,
93 points,100 points,80 points,107 points,94 points,115 points,102 points,80 points,80 points,112 points,106 points,94 points,80 points,99 points,90 points,,,,,,
,,,,,,,,,,,,,,,,,,,,
Matteo Jorgenson,Kévin Vauquelin,Pascal Ackermann,Remco Evenepoel,João Almeida,Harold Tejada,Jhonatan Narváez,Alberto Dainese,Jordi Meeus,Lenny Martinez,Mathieu Burgaudeau,Felix Gall,Adam Yates,Primož Roglič,Jordan Jegat,,,,,,
Team Visma | Lease a Bike,Arkéa - B&B Hotels,Israel - Premier Tech,Soudal Quick-Step,UAE Team Emirates - XRG,XDS Astana Team,UAE Team Emirates - XRG,Tudor Pro Cycling Team,Red Bull - BORA - hansgrohe,Bahrain - Victorious,Team TotalEnergies,Decathlon AG2R La Mondiale Team,UAE Team Emirates - XRG,Red Bull - BORA - hansgrohe,Team TotalEnergies,,,,,,
,,,,,,,,,,,,,,,,,,,,
,,,,,,,,,,,,,,,,,,,,
90 points,70 points,70 points,81 points,70 points,114 points,70 points,70 points,70 points,109 points,96 points,86 points,78 points,87 points,70 points,,,,,,
,,,,,,,,,,,,,,,,,,,,
Marius Mayrhofer,Simone Velasco,Amaury Capiot,Mattias Skjelmose,Luke Plapp,Tadej Pogačar,Axel Laurance,Vincenzo Albanese,Stian Fredheim,Tadej Pogačar,Davide Ballerini,Primož Roglič,Lenny Martinez,Tobias Halland Johannessen,Michael Valgren,,,,,,
Tudor Pro Cycling Team,XDS Astana Team,Arkéa - B&B Hotels,Lidl - Trek,Team Jayco AlUla,UAE Team Emirates - XRG,INEOS Grenadiers,EF Education - EasyPost,Uno-X Mobility,UAE Team Emirates - XRG,XDS Astana Team,Red Bull - BORA - hansgrohe,Bahrain - Victorious,Uno-X Mobility,EF Education - EasyPost,,,,,,
,,,,,,,,,,,,,,,,,,,,
,,,,,,,,,,,,,,,,,,,,
71 points,60 points,60 points,77 points,66 points,85 points,69 points,60 points,60 points,94 points,75 points,64 points,72 points,76 points,60 points,,,,,,
,,,,,,,,,,,,,,,,,,,,
Samuel Watson,Jenno Berckmoes,Alberto Dainese,Kévin Vauquelin,Matteo Jorgenson,Jonas Vingegaard,Tobias Halland Johannessen,Stian Fredheim,Kaden Groves,Jonas Vingegaard,Quinn Simmons,Cristián Rodríguez,Felix Gall,Kévin Vauquelin,Valentin Madouas,,,,,,
INEOS Grenadiers,Lotto,Tudor Pro Cycling Team,Arkéa - B&B Hotels,Team Visma | Lease a Bike,Team Visma | Lease a Bike,Uno-X Mobility,Uno-X Mobility,Alpecin - Deceuninck,Team Visma | Lease a Bike,Lidl - Trek,Arkéa - B&B Hotels,Decathlon AG2R La Mondiale Team,Arkéa - B&B Hotels,Groupama - FDJ,,,,,,
,,,,,,,,,,,,,,,,,,,,
,,,,,,,,,,,,,,,,,,,,
60 points,55 points,50 points,62 points,60 points,73 points,55 points,50 points,57 points,72 points,52 points,52 points,65 points,72 points,58 points,,,,,,
,,,,,,,,,,,,,,,,,,,,
Mike Teunissen,Enric Mas,Tobias Lund Andresen,Wout Van Aert,Pablo Castrillo,Matteo Jorgenson,Jordan Jegat,Danny Van Poppel,Mathieu Van Der Poel,Matteo Jorgenson,Kaden Groves,Einer Rubio,Kévin Vauquelin,Lenny Martinez,Tadej Pogačar,,,,,,
XDS Astana Team,Movistar Team,Team Picnic PostNL,Team Visma | Lease a Bike,Movistar Team,Team Visma | Lease a Bike,Team TotalEnergies,Red Bull - BORA - hansgrohe,Alpecin - Deceuninck,Team Visma | Lease a Bike,Alpecin - Deceuninck,Movistar Team,Arkéa - B&B Hotels,Bahrain - Victorious,UAE Team Emirates - XRG,,,,,,
,,,,,,,,,,,,,,,,,,,,
,,,,,,,,,,,,,,,,,,,,
49 points,50 points,40 points,49 points,59 points,62 points,51 points,50 points,50 points,63 points,42 points,52 points,62 points,71 points,50 points,,,,,,
,,,,,,,,,,,,,,,,,,,,
Iván García Cortina,Alexandre Delettre,Bastien Tronchon,Aurélien Paret-Peintre,Jonas Vingegaard,Remco Evenepoel,Mattias Skjelmose,Tadej Pogačar,Alexis Renard,Florian Lipowitz,Jordan Jegat,Matteo Jorgenson,Remco Evenepoel,Carlos Rodríguez,Harold Tejada,,,,,,
Movistar Team,Team TotalEnergies,Decathlon AG2R La Mondiale Team,Decathlon AG2R La Mondiale Team,Team Visma | Lease a Bike,Soudal Quick-Step,Lidl - Trek,UAE Team Emirates - XRG,Cofidis,Red Bull - BORA - hansgrohe,Team TotalEnergies,Team Visma | Lease a Bike,Soudal Quick-Step,INEOS Grenadiers,XDS Astana Team,,,,,,
,,,,,,,,,,,,,,,,,,,,
,,,,,,,,,,,,,,,,,,,,
43 points,47 points,36 points,44 points,53 points,48 points,43 points,40 points,50 points,57 points,40 points,42 points,44 points,47 points,47 points,,,,,,
,,,,,,,,,,,,,,,,,,,,
Niklas Märkl,Jasper Philipsen,Mathieu Van Der Poel,Jhonatan Narváez,Primož Roglič,Kévin Vauquelin,Florian Lipowitz,Phil Bauhaus,Tadej Pogačar,Remco Evenepoel,Alberto Dainese,Raúl García Pierna,Carlos Rodríguez,Adam Yates,Pascal Eenkhoorn,,,,,,
Team Picnic PostNL,Alpecin - Deceuninck,Alpecin - Deceuninck,UAE Team Emirates - XRG,Red Bull - BORA - hansgrohe,Arkéa - B&B Hotels,Red Bull - BORA - hansgrohe,Bahrain - Victorious,UAE Team Emirates - XRG,Soudal Quick-Step,Tudor Pro Cycling Team,Arkéa - B&B Hotels,INEOS Grenadiers,UAE Team Emirates - XRG,Soudal Quick-Step,,,,,,
,,,,,,,,,,,,,,,,,,,,
,,,,,,,,,,,,,,,,,,,,
37 points,41 points,35 points,40 points,31 points,45 points,40 points,37 points,40 points,44 points,39 points,42 points,43 points,45 points,43 points,,,,,,
,,,,,,,,,,,,,,,,,,,,
Harry Sweeny,João Almeida,Dylan Groenewegen,Jonas Abrahamsen,Mathieu Van Der Poel,Oscar Onley,Iván García Cortina,Lewis Askey,Pascal Ackermann,Oscar Onley,Tadej Pogačar,Guillaume Martin,Tobias Halland Johannessen,Jordan Jegat,Jonas Vingegaard,,,,,,
EF Education - EasyPost,UAE Team Emirates - XRG,Team Jayco AlUla,Uno-X Mobility,Alpecin - Deceuninck,Team Picnic PostNL,Movistar Team,Groupama - FDJ,Israel - Premier Tech,Team Picnic PostNL,UAE Team Emirates - XRG,Groupama - FDJ,Uno-X Mobility,Team TotalEnergies,Team Visma | Lease a Bike,,,,,,
,,,,,,,,,,,,,,,,,,,,
,,,,,,,,,,,,,,,,,,,,
32 points,40 points,34 points,36 points,30 points,37 points,37 points,34 points,37 points,42 points,38 points,37 points,26 points,40 points,40 points,,,,,,
,,,,,,,,,,,,,,,,,,,,
Benjamin Thomas,Yevgeniy Fedorov,Tadej Pogačar,Lenny Martinez,Tobias Foss,Florian Lipowitz,Romain Grégoire,Jonas Vingegaard,Arnaud Démare,Harry Sweeny,Ben Healy,Jhonatan Narváez,Enric Mas,Harold Tejada,Neilson Powless,,,,,,
Cofidis,XDS Astana Team,UAE Team Emirates - XRG,Bahrain - Victorious,INEOS Grenadiers,Red Bull - BORA - hansgrohe,Groupama - FDJ,Team Visma | Lease a Bike,Arkéa - B&B Hotels,EF Education - EasyPost,EF Education - EasyPost,UAE Team Emirates - XRG,Movistar Team,XDS Astana Team,EF Education - EasyPost,,,,,,
,,,,,,,,,,,,,,,,,,,,
,,,,,,,,,,,,,,,,,,,,
31 points,39 points,30 points,36 points,25 points,36 points,36 points,30 points,36 points,36 points,34 points,30 points,25 points,39 points,40 points,,,,,,
,,,,,,,,,,,,,,,,,,,,
Krists Neilands,Santiago Buitrago,Jonas Vingegaard,Kasper Asgreen,Nelson Oliveira,Jonathan Milan,Marco Haller,Bastien Tronchon,Jonas Rickaert,Victor Campenaerts,Romain Grégoire,Sergio Higuita,Harry Sweeny,Jhonatan Narváez,Thibau Nys,,,,,,
Israel - Premier Tech,Bahrain - Victorious,Team Visma | Lease a Bike,EF Education - EasyPost,Movistar Team,Lidl - Trek,Tudor Pro Cycling Team,Decathlon AG2R La Mondiale Team,Alpecin - Deceuninck,Team Visma | Lease a Bike,Groupama - FDJ,XDS Astana Team,EF Education - EasyPost,UAE Team Emirates - XRG,Lidl - Trek,,,,,,
,,,,,,,,,,,,,,,,,,,,
,,,,,,,,,,,,,,,,,,,,
25 points,37 points,30 points,35 points,20 points,23 points,32 points,30 points,36 points,36 points,26 points,24 points,16 points,32 points,30 points,,,,,,
,,,,,,,,,,,,,,,,,,,,
Kévin Vauquelin,Andreas Leknessund,Jake Stewart,Alex Baudin,Nils Politt,Santiago Buitrago,Alex Baudin,Anthony Turgis,Anthony Turgis,Tobias Halland Johannessen,Jonas Vingegaard,Ben O'Connor,Julian Alaphilippe,Jonathan Milan,Iván Romeo,,,,,,
Arkéa - B&B Hotels,Uno-X Mobility,Israel - Premier Tech,EF Education - EasyPost,UAE Team Emirates - XRG,Bahrain - Victorious,EF Education - EasyPost,Team TotalEnergies,Team TotalEnergies,Uno-X Mobility,Team Visma | Lease a Bike,Team Jayco AlUla,Tudor Pro Cycling Team,Lidl - Trek,Movistar Team,,,,,,
,,,,,,,,,,,,,,,,,,,,
,,,,,,,,,,,,,,,,,,,,
22 points,36 points,26 points,35 points,19 points,23 points,32 points,27 points,34 points,32 points,25 points,23 points,15 points,30 points,27 points,,,,,,
,,,,,,,,,,,,,,,,,,,,
Jonathan Milan,Matteo Jorgenson,Anthony Turgis,Tobias Halland Johannessen,Mattias Skjelmose,Felix Gall,Primož Roglič,Matteo Jorgenson,Remco Evenepoel,Primož Roglič,Simone Velasco,Bruno Armirail,Cristián Rodríguez,Simon Yates,Jhonatan Narváez,,,,,,
Lidl - Trek,Team Visma | Lease a Bike,Team TotalEnergies,Uno-X Mobility,Lidl - Trek,Decathlon AG2R La Mondiale Team,Red Bull - BORA - hansgrohe,Team Visma | Lease a Bike,Soudal Quick-Step,Red Bull - BORA - hansgrohe,XDS Astana Team,Decathlon AG2R La Mondiale Team,Arkéa - B&B Hotels,Team Visma | Lease a Bike,UAE Team Emirates - XRG,,,,,,
,,,,,,,,,,,,,,,,,,,,
,,,,,,,,,,,,,,,,,,,,
20 points,32 points,25 points,32 points,16 points,22 points,32 points,26 points,30 points,32 points,24 points,22 points,12 points,29 points,26 points,,,,,,
,,,,,,,,,,,,,,,,,,,,
Damien Touzé,Brent Van Moer,Damien Touzé,Tiesj Benoot,Raúl García Pierna,João Almeida,Tim Wellens,Remco Evenepoel,Jonas Vingegaard,Michael Woods,Matteo Jorgenson,Mathieu Van Der Poel,Ben Healy,Ben O'Connor,Mathieu Van Der Poel,,,,,,
Cofidis,Lotto,Cofidis,Team Visma | Lease a Bike,Arkéa - B&B Hotels,UAE Team Emirates - XRG,UAE Team Emirates - XRG,Soudal Quick-Step,Team Visma | Lease a Bike,Israel - Premier Tech,Team Visma | Lease a Bike,Alpecin - Deceuninck,EF Education - EasyPost,Team Jayco AlUla,Alpecin - Deceuninck,,,,,,
,,,,,,,,,,,,,,,,,,,,
,,,,,,,,,,,,,,,,,,,,
20 points,30 points,24 points,31 points,10 points,20 points,31 points,25 points,25 points,31 points,22 points,21 points,12 points,27 points,26 points,,,,,,
,,,,,,,,,,,,,,,,,,,,
Mattéo Vercher,Marc Hirschi,Paul Penhoët,Enric Mas,Oscar Onley,Enric Mas,Carlos Rodríguez,Samuel Watson,Dylan Groenewegen,Alex Baudin,Quentin Pacher,Michael Woods,Jonathan Milan,Einer Rubio,Matej Mohorič,,,,,,
Team TotalEnergies,Tudor Pro Cycling Team,Groupama - FDJ,Movistar Team,Team Picnic PostNL,Movistar Team,INEOS Grenadiers,INEOS Grenadiers,Team Jayco AlUla,EF Education - EasyPost,Groupama - FDJ,Israel - Premier Tech,Lidl - Trek,Movistar Team,Bahrain - Victorious,,,,,,
,,,,,,,,,,,,,,,,,,,,
,,,,,,,,,,,,,,,,,,,,
18 points,29 points,22 points,28 points,9 points,20 points,30 points,24 points,24 points,28 points,22 points,20 points,8 points,27 points,25 points,,,,,,
,,,,,,,,,,,,,,,,,,,,
Silvan Dillier,Guillaume Martin,Matteo Jorgenson,Thomas Gachignard,Aurélien Paret-Peintre,Tim Wellens,Ewen Costiou,Tim Wellens,Matteo Jorgenson,Felix Gall,Remco Evenepoel,Laurenz Rex,Bruno Armirail,Michael Woods,Santiago Buitrago,,,,,,
Alpecin - Deceuninck,Groupama - FDJ,Team Visma | Lease a Bike,Team TotalEnergies,Decathlon AG2R La Mondiale Team,UAE Team Emirates - XRG,Arkéa - B&B Hotels,UAE Team Emirates - XRG,Team Visma | Lease a Bike,Decathlon AG2R La Mondiale Team,Soudal Quick-Step,Intermarché - Wanty,Decathlon AG2R La Mondiale Team,Israel - Premier Tech,Bahrain - Victorious,,,,,,
,,,,,,,,,,,,,,,,,,,,
,,,,,,,,,,,,,,,,,,,,
18 points,28 points,20 points,22 points,8 points,19 points,28 points,22 points,24 points,25 points,19 points,20 points,8 points,25 points,25 points,,,,,,
,,,,,,,,,,,,,,,,,,,,
Kaden Groves,Bruno Armirail,Kévin Vauquelin,Tim Wellens,Jonathan Milan,Primož Roglič,Geraint Thomas,Mathieu Van Der Poel,Tim Wellens,Carlos Rodríguez,Tobias Halland Johannessen,Nils Politt,Jordan Jegat,Sepp Kuss,Florian Lipowitz,,,,,,
Alpecin - Deceuninck,Decathlon AG2R La Mondiale Team,Arkéa - B&B Hotels,UAE Team Emirates - XRG,Lidl - Trek,Red Bull - BORA - hansgrohe,INEOS Grenadiers,Alpecin - Deceuninck,UAE Team Emirates - XRG,INEOS Grenadiers,Uno-X Mobility,UAE Team Emirates - XRG,Team TotalEnergies,Team Visma | Lease a Bike,Red Bull - BORA - hansgrohe,,,,,,
,,,,,,,,,,,,,,,,,,,,
,,,,,,,,,,,,,,,,,,,,
18 points,19 points,20 points,20 points,8 points,16 points,20 points,22 points,22 points,25 points,17 points,20 points,7 points,22 points,25 points,,,,,,
,,,,,,,,,,,,,,,,,,,,
Xandro Meurisse,Remco Evenepoel,Yevgeniy Fedorov,Primož Roglič,Enric Mas,Biniam Girmay,Mathieu Van Der Poel,Kévin Vauquelin,Kévin Vauquelin,Mauro Schmid,Jhonatan Narváez,Pavel Sivakov,Guillaume Martin,Mathieu Van Der Poel,Alexey Lutsenko,,,,,,
Alpecin - Deceuninck,Soudal Quick-Step,XDS Astana Team,Red Bull - BORA - hansgrohe,Movistar Team,Intermarché - Wanty,Alpecin - Deceuninck,Arkéa - B&B Hotels,Arkéa - B&B Hotels,Team Jayco AlUla,UAE Team Emirates - XRG,UAE Team Emirates - XRG,Groupama - FDJ,Alpecin - Deceuninck,Israel - Premier Tech,,,,,,
,,,,,,,,,,,,,,,,,,,,
,,,,,,,,,,,,,,,,,,,,
18 points,18 points,17 points,18 points,8 points,13 points,20 points,22 points,20 points,23 points,16 points,20 points,6 points,22 points,22 points,,,,,,
,,,,,,,,,,,,,,,,,,,,
Jonas Rickaert,Silvan Dillier,Tim Wellens,Jonathan Milan,Tim Wellens,Mattias Skjelmose,João Almeida,Biniam Girmay,Alberto Dainese,Quinn Simmons,Louis Barré,Marc Soler,Mathieu Van Der Poel,Aleksandr Vlasov,Matteo Jorgenson,,,,,,
Alpecin - Deceuninck,Alpecin - Deceuninck,UAE Team Emirates - XRG,Lidl - Trek,UAE Team Emirates - XRG,Lidl - Trek,UAE Team Emirates - XRG,Intermarché - Wanty,Tudor Pro Cycling Team,Lidl - Trek,Intermarché - Wanty,UAE Team Emirates - XRG,Alpecin - Deceuninck,Red Bull - BORA - hansgrohe,Team Visma | Lease a Bike,,,,,,
,,,,,,,,,,,,,,,,,,,,
,,,,,,,,,,,,,,,,,,,,
18 points,18 points,15 points,14 points,7 points,12 points,20 points,21 points,16 points,22 points,15 points,20 points,5 points,16 points,22 points,,,,,,
,,,,,,,,,,,,,,,,,,,,
Mathieu Van Der Poel,Kaden Groves,Guillaume Martin,Nils Politt,Santiago Buitrago,Kaden Groves,Nils Politt,Tim Merlier,Bastien Tronchon,Valentin Paret-Peintre,Kévin Vauquelin,Tim Wellens,Ben O'Connor,Biniam Girmay,Michael Storer,,,,,,
Alpecin - Deceuninck,Alpecin - Deceuninck,Groupama - FDJ,UAE Team Emirates - XRG,Bahrain - Victorious,Alpecin - Deceuninck,UAE Team Emirates - XRG,Soudal Quick-Step,Decathlon AG2R La Mondiale Team,Soudal Quick-Step,Arkéa - B&B Hotels,UAE Team Emirates - XRG,Team Jayco AlUla,Intermarché - Wanty,Tudor Pro Cycling Team,,,,,,
,,,,,,,,,,,,,,,,,,,,
,,,,,,,,,,,,,,,,,,,,
18 points,18 points,15 points,14 points,6 points,9 points,20 points,20 points,16 points,20 points,14 points,20 points,4 points,16 points,20 points,,,,,,
,,,,,,,,,,,,,,,,,,,,
Gianni Vermeersch,Xandro Meurisse,Enric Mas,Pavel Sivakov,Biniam Girmay,Anthony Turgis,Pavel Sivakov,Dylan Groenewegen,Ben Healy,Raúl García Pierna,Oscar Onley,Adam Yates,Santiago Buitrago,Valentin Paret-Peintre,Carlos Rodríguez,,,,,,
Alpecin - Deceuninck,Alpecin - Deceuninck,Movistar Team,UAE Team Emirates - XRG,Intermarché - Wanty,Team TotalEnergies,UAE Team Emirates - XRG,Team Jayco AlUla,EF Education - EasyPost,Arkéa - B&B Hotels,Team Picnic PostNL,UAE Team Emirates - XRG,Bahrain - Victorious,Soudal Quick-Step,INEOS Grenadiers,,,,,,
,,,,,,,,,,,,,,,,,,,,
,,,,,,,,,,,,,,,,,,,,
18 points,18 points,14 points,14 points,6 points,8 points,20 points,19 points,15 points,20 points,13 points,16 points,4 points,16 points,20 points,,,,,,
,,,,,,,,,,,,,,,,,,,,
Emiel Verstrynge,Jonas Rickaert,Joseph Blackmore,Marc Soler,Tobias Halland Johannessen,Silvan Dillier,Marc Soler,Mattias Skjelmose,Mattias Skjelmose,Quentin Pacher,Florian Lipowitz,Edoardo Affini,Biniam Girmay,Nils Politt,Quinn Simmons,,,,,,
Alpecin - Deceuninck,Alpecin - Deceuninck,Israel - Premier Tech,UAE Team Emirates - XRG,Uno-X Mobility,Alpecin - Deceuninck,UAE Team Emirates - XRG,Lidl - Trek,Lidl - Trek,Groupama - FDJ,Red Bull - BORA - hansgrohe,Team Visma | Lease a Bike,Intermarché - Wanty,UAE Team Emirates - XRG,Lidl - Trek,,,,,,
,,,,,,,,,,,,,,,,,,,,
,,,,,,,,,,,,,,,,,,,,
16 points,18 points,13 points,14 points,5 points,8 points,20 points,16 points,14 points,20 points,12 points,16 points,4 points,16 points,20 points,,,,,,
,,,,,,,,,,,,,,,,,,,,
Bryan Coquard,Gianni Vermeersch,Tobias Halland Johannessen,Adam Yates,Carlos Rodríguez,Xandro Meurisse,Adam Yates,Ben Healy,Oscar Onley,Pablo Castrillo,Lenny Martinez,Tiesj Benoot,Jhonatan Narváez,Pavel Sivakov,Sepp Kuss,,,,,,
Cofidis,Alpecin - Deceuninck,Uno-X Mobility,UAE Team Emirates - XRG,INEOS Grenadiers,Alpecin - Deceuninck,UAE Team Emirates - XRG,EF Education - EasyPost,Team Picnic PostNL,Movistar Team,Bahrain - Victorious,Team Visma | Lease a Bike,UAE Team Emirates - XRG,UAE Team Emirates - XRG,Team Visma | Lease a Bike,,,,,,
,,,,,,,,,,,,,,,,,,,,
,,,,,,,,,,,,,,,,,,,,
15 points,18 points,12 points,13 points,4 points,8 points,18 points,15 points,14 points,20 points,12 points,16 points,4 points,16 points,20 points,,,,,,
,,,,,,,,,,,,,,,,,,,,
Tadej Pogačar,Emiel Verstrynge,Clément Russo,Biniam Girmay,Lenny Martinez,Jonas Rickaert,Cristián Rodríguez,Jhonatan Narváez,Jhonatan Narváez,Luke Plapp,Jonathan Milan,Victor Campenaerts,Michael Woods,Marc Soler,Nils Politt,,,,,,
UAE Team Emirates - XRG,Alpecin - Deceuninck,Groupama - FDJ,Intermarché - Wanty,Bahrain - Victorious,Alpecin - Deceuninck,Arkéa - B&B Hotels,UAE Team Emirates - XRG,UAE Team Emirates - XRG,Team Jayco AlUla,Lidl - Trek,Team Visma | Lease a Bike,Israel - Premier Tech,UAE Team Emirates - XRG,UAE Team Emirates - XRG,,,,,,
,,,,,,,,,,,,,,,,,,,,
,,,,,,,,,,,,,,,,,,,,
13 points,18 points,12 points,12 points,4 points,8 points,16 points,14 points,13 points,18 points,12 points,16 points,2 points,16 points,20 points,,,,,,
,,,,,,,,,,,,,,,,,,,,
Jonas Vingegaard,Neilson Powless,Ben O'Connor,Silvan Dillier,Ben O'Connor,Gianni Vermeersch,Ben Healy,Oscar Onley,Florian Lipowitz,Bruno Armirail,Primož Roglič,Sepp Kuss,Mattias Skjelmose,Tim Wellens,Pavel Sivakov,,,,,,
Team Visma | Lease a Bike,EF Education - EasyPost,Team Jayco AlUla,Alpecin - Deceuninck,Team Jayco AlUla,Alpecin - Deceuninck,EF Education - EasyPost,Team Picnic PostNL,Red Bull - BORA - hansgrohe,Decathlon AG2R La Mondiale Team,Red Bull - BORA - hansgrohe,Team Visma | Lease a Bike,Lidl - Trek,UAE Team Emirates - XRG,UAE Team Emirates - XRG,,,,,,
,,,,,,,,,,,,,,,,,,,,
,,,,,,,,,,,,,,,,,,,,
10 points,16 points,12 points,12 points,4 points,8 points,16 points,13 points,12 points,16 points,12 points,16 points,2 points,14 points,20 points,,,,,,
,,,,,,,,,,,,,,,,,,,,
Pascal Ackermann,Tim Wellens,Niklas Märkl,Kaden Groves,Mauro Schmid,Emiel Verstrynge,Enric Mas,Florian Lipowitz,Primož Roglič,Edoardo Affini,Tim Wellens,Wout Van Aert,Tim Merlier,Edoardo Affini,Marc Soler,,,,,,
Israel - Premier Tech,UAE Team Emirates - XRG,Team Picnic PostNL,Alpecin - Deceuninck,Team Jayco AlUla,Alpecin - Deceuninck,Movistar Team,Red Bull - BORA - hansgrohe,Red Bull - BORA - hansgrohe,Team Visma | Lease a Bike,UAE Team Emirates - XRG,Team Visma | Lease a Bike,Soudal Quick-Step,Team Visma | Lease a Bike,UAE Team Emirates - XRG,,,,,,
,,,,,,,,,,,,,,,,,,,,
,,,,,,,,,,,,,,,,,,,,
8 points,13 points,11 points,12 points,3 points,8 points,13 points,12 points,12 points,16 points,12 points,16 points,1 points,14 points,20 points,,,,,,
,,,,,,,,,,,,,,,,,,,,
Louis Barré,Joseph Blackmore,Emanuel Buchmann,Xandro Meurisse,Felix Gall,Vincenzo Albanese,Jonathan Milan,Quinn Simmons,Pascal Eenkhoorn,Tiesj Benoot,Clément Champoussin,Simon Yates,Sepp Kuss,Tiesj Benoot,Adam Yates,,,,,,
Intermarché - Wanty,Israel - Premier Tech,Cofidis,Alpecin - Deceuninck,Decathlon AG2R La Mondiale Team,EF Education - EasyPost,Lidl - Trek,Lidl - Trek,Soudal Quick-Step,Team Visma | Lease a Bike,XDS Astana Team,Team Visma | Lease a Bike,Team Visma | Lease a Bike,Team Visma | Lease a Bike,UAE Team Emirates - XRG,,,,,,
,,,,,,,,,,,,,,,,,,,,
,,,,,,,,,,,,,,,,,,,,
8 points,12 points,10 points,12 points,2 points,8 points,12 points,12 points,12 points,16 points,10 points,16 points,,14 points,19 points,,,,,,
,,,,,,,,,,,,,,,,,,,,
Vito Braet,Biniam Girmay,Silvan Dillier,Jonas Rickaert,Benjamin Thomas,Kasper Asgreen,Xandro Meurisse,Primož Roglič,Valentin Paret-Peintre,Sepp Kuss,Felix Gall,Jordan Jegat,,Victor Campenaerts,Primož Roglič,,,,,,
Intermarché - Wanty,Intermarché - Wanty,Alpecin - Deceuninck,Alpecin - Deceuninck,Cofidis,EF Education - EasyPost,Alpecin - Deceuninck,Red Bull - BORA - hansgrohe,Soudal Quick-Step,Team Visma | Lease a Bike,Decathlon AG2R La Mondiale Team,Team TotalEnergies,,Team Visma | Lease a Bike,Red Bull - BORA - hansgrohe,,,,,,
,,,,,,,,,,,,,,,,,,,,
,,,,,,,,,,,,,,,,,,,,
8 points,12 points,10 points,12 points,2 points,8 points,12 points,12 points,12 points,16 points,9 points,13 points,,14 points,18 points,,,,,,
,,,,,,,,,,,,,,,,,,,,
Hugo Page,Tobias Halland Johannessen,Xandro Meurisse,Gianni Vermeersch,Tim Merlier,Alex Baudin,Edoardo Affini,Edoardo Affini,Maximilian Schachmann,Wout Van Aert,Carlos Rodríguez,Mattias Skjelmose,,Matteo Jorgenson,Oscar Onley,,,,,,
Intermarché - Wanty,Uno-X Mobility,Alpecin - Deceuninck,Alpecin - Deceuninck,Soudal Quick-Step,EF Education - EasyPost,Team Visma | Lease a Bike,Team Visma | Lease a Bike,Soudal Quick-Step,Team Visma | Lease a Bike,INEOS Grenadiers,Lidl - Trek,,Team Visma | Lease a Bike,Team Picnic PostNL,,,,,,
,,,,,,,,,,,,,,,,,,,,
,,,,,,,,,,,,,,,,,,,,
8 points,11 points,10 points,12 points,2 points,8 points,12 points,12 points,12 points,15 points,8 points,12 points,,14 points,16 points,,,,,,
,,,,,,,,,,,,,,,,,,,,
Laurenz Rex,Emanuel Buchmann,Jasper Philipsen,Emiel Verstrynge,Steff Cras,Neilson Powless,Tiesj Benoot,Tiesj Benoot,Bert Van Lerberghe,Kévin Vauquelin,Alex Aranburu,Ben Healy,,Wout Van Aert,Kévin Vauquelin,,,,,,
Intermarché - Wanty,Cofidis,Alpecin - Deceuninck,Alpecin - Deceuninck,Team TotalEnergies,EF Education - EasyPost,Team Visma | Lease a Bike,Team Visma | Lease a Bike,Soudal Quick-Step,Arkéa - B&B Hotels,Cofidis,EF Education - EasyPost,,Team Visma | Lease a Bike,Arkéa - B&B Hotels,,,,,,
,,,,,,,,,,,,,,,,,,,,
,,,,,,,,,,,,,,,,,,,,
8 points,11 points,10 points,12 points,1 points,8 points,12 points,12 points,12 points,15 points,8 points,12 points,,10 points,16 points,,,,,,
,,,,,,,,,,,,,,,,,,,,
Jonas Rutsch,Ben O'Connor,Jonas Rickaert,Edoardo Affini,Jack Haig,Harry Sweeny,Victor Campenaerts,Victor Campenaerts,Ilan Van Wilder,Jordan Jegat,Vincenzo Albanese,Jonathan Milan,,Callum Scotson,Warren Barguil,,,,,,
Intermarché - Wanty,Team Jayco AlUla,Alpecin - Deceuninck,Team Visma | Lease a Bike,Bahrain - Victorious,EF Education - EasyPost,Team Visma | Lease a Bike,Team Visma | Lease a Bike,Soudal Quick-Step,Team TotalEnergies,EF Education - EasyPost,Lidl - Trek,,Decathlon AG2R La Mondiale Team,Team Picnic PostNL,,,,,,
,,,,,,,,,,,,,,,,,,,,
,,,,,,,,,,,,,,,,,,,,
8 points,8 points,10 points,12 points,1 points,8 points,12 points,12 points,12 points,12 points,8 points,12 points,,8 points,16 points,,,,,,
,,,,,,,,,,,,,,,,,,,,
Roel Van Sintmaartensdijk,Lewis Askey,Gianni Vermeersch,Victor Campenaerts,Anthony Turgis,Michael Valgren,Sepp Kuss,Sepp Kuss,João Almeida,Jonathan Milan,Kasper Asgreen,Thibau Nys,,Guillaume Martin,Edoardo Affini,,,,,,
Intermarché - Wanty,Groupama - FDJ,Alpecin - Deceuninck,Team Visma | Lease a Bike,Team TotalEnergies,EF Education - EasyPost,Team Visma | Lease a Bike,Team Visma | Lease a Bike,UAE Team Emirates - XRG,Lidl - Trek,EF Education - EasyPost,Lidl - Trek,,Groupama - FDJ,Team Visma | Lease a Bike,,,,,,
,,,,,,,,,,,,,,,,,,,,
,,,,,,,,,,,,,,,,,,,,
8 points,8 points,10 points,12 points,,8 points,12 points,12 points,12 points,12 points,8 points,9 points,,8 points,16 points,,,,,,
,,,,,,,,,,,,,,,,,,,,
Georg Zimmermann,Cyril Barthe,Emiel Verstrynge,Sepp Kuss,,Marijn Van Den Berg,Wout Van Aert,Simon Yates,Nils Politt,Jhonatan Narváez,Alex Baudin,Carlos Rodríguez,,Tobias Foss,Tiesj Benoot,,,,,,
Intermarché - Wanty,Groupama - FDJ,Alpecin - Deceuninck,Team Visma | Lease a Bike,,EF Education - EasyPost,Team Visma | Lease a Bike,Team Visma | Lease a Bike,UAE Team Emirates - XRG,UAE Team Emirates - XRG,EF Education - EasyPost,INEOS Grenadiers,,INEOS Grenadiers,Team Visma | Lease a Bike,,,,,,
,,,,,,,,,,,,,,,,,,,,
,,,,,,,,,,,,,,,,,,,,
8 points,8 points,10 points,12 points,,8 points,12 points,12 points,12 points,12 points,8 points,8 points,,8 points,16 points,,,,,,
,,,,,,,,,,,,,,,,,,,,
Julian Alaphilippe,Valentin Madouas,Aurélien Paret-Peintre,Simon Yates,,Edoardo Affini,Simon Yates,João Almeida,Pavel Sivakov,Tim Wellens,Neilson Powless,Lenny Martinez,,Axel Laurance,Simon Yates,,,,,,
Tudor Pro Cycling Team,Groupama - FDJ,Decathlon AG2R La Mondiale Team,Team Visma | Lease a Bike,,Team Visma | Lease a Bike,Team Visma | Lease a Bike,UAE Team Emirates - XRG,UAE Team Emirates - XRG,UAE Team Emirates - XRG,EF Education - EasyPost,Bahrain - Victorious,,INEOS Grenadiers,Team Visma | Lease a Bike,,,,,,
,,,,,,,,,,,,,,,,,,,,
,,,,,,,,,,,,,,,,,,,,
8 points,8 points,10 points,11 points,,8 points,10 points,12 points,12 points,10 points,8 points,8 points,,8 points,16 points,,,,,,
,,,,,,,,,,,,,,,,,,,,
Alberto Dainese,Quentin Pacher,João Almeida,Marc Hirschi,,Tiesj Benoot,Biniam Girmay,Nils Politt,Marc Soler,Vincenzo Albanese,Harry Sweeny,Stian Fredheim,,Connor Swift,Arnaud De Lie,,,,,,
Tudor Pro Cycling Team,Groupama - FDJ,UAE Team Emirates - XRG,Tudor Pro Cycling Team,,Team Visma | Lease a Bike,Intermarché - Wanty,UAE Team Emirates - XRG,UAE Team Emirates - XRG,EF Education - EasyPost,EF Education - EasyPost,Uno-X Mobility,,INEOS Grenadiers,Lotto,,,,,,
,,,,,,,,,,,,,,,,,,,,
,,,,,,,,,,,,,,,,,,,,
8 points,8 points,9 points,9 points,,8 points,4 points,12 points,12 points,10 points,8 points,6 points,,8 points,14 points,,,,,,
,,,,,,,,,,,,,,,,,,,,
Marco Haller,Paul Penhoët,Neilson Powless,Guillaume Martin,,Victor Campenaerts,Aurélien Paret-Peintre,Pavel Sivakov,Adam Yates,Kasper Asgreen,Michael Valgren,Enric Mas,,Geraint Thomas,Felix Gall,,,,,,
Tudor Pro Cycling Team,Groupama - FDJ,EF Education - EasyPost,Groupama - FDJ,,Team Visma | Lease a Bike,Decathlon AG2R La Mondiale Team,UAE Team Emirates - XRG,UAE Team Emirates - XRG,EF Education - EasyPost,EF Education - EasyPost,Movistar Team,,INEOS Grenadiers,Decathlon AG2R La Mondiale Team,,,,,,
,,,,,,,,,,,,,,,,,,,,
,,,,,,,,,,,,,,,,,,,,
8 points,8 points,9 points,8 points,,8 points,4 points,12 points,12 points,10 points,8 points,6 points,,8 points,13 points,,,,,,
,,,,,,,,,,,,,,,,,,,,
Marc Hirschi,Clément Russo,Simone Consonni,Alexey Lutsenko,,Sepp Kuss,Mattia Cattaneo,Marc Soler,Matteo Trentin,Neilson Powless,Guillaume Martin,Simone Velasco,,Samuel Watson,Tobias Halland Johannessen,,,,,,
Tudor Pro Cycling Team,Groupama - FDJ,Lidl - Trek,Israel - Premier Tech,,Team Visma | Lease a Bike,Soudal Quick-Step,UAE Team Emirates - XRG,Tudor Pro Cycling Team,EF Education - EasyPost,Groupama - FDJ,XDS Astana Team,,INEOS Grenadiers,Uno-X Mobility,,,,,,
,,,,,,,,,,,,,,,,,,,,
,,,,,,,,,,,,,,,,,,,,
8 points,8 points,8 points,6 points,,8 points,4 points,12 points,9 points,10 points,8 points,6 points,,8 points,12 points,,,,,,
,,,,,,,,,,,,,,,,,,,,
Fabian Lienhard,Jonathan Milan,Kasper Asgreen,Tim Merlier,,Wout Van Aert,Pascal Eenkhoorn,Adam Yates,Tobias Halland Johannessen,Michael Valgren,Enric Mas,Anthony Turgis,,Anthony Turgis,Lenny Martinez,,,,,,
Tudor Pro Cycling Team,Lidl - Trek,EF Education - EasyPost,Soudal Quick-Step,,Team Visma | Lease a Bike,Soudal Quick-Step,UAE Team Emirates - XRG,Uno-X Mobility,EF Education - EasyPost,Movistar Team,Team TotalEnergies,,Team TotalEnergies,Bahrain - Victorious,,,,,,
,,,,,,,,,,,,,,,,,,,,
,,,,,,,,,,,,,,,,,,,,
8 points,8 points,8 points,6 points,,8 points,4 points,12 points,8 points,8 points,8 points,5 points,,6 points,12 points,,,,,,
,,,,,,,,,,,,,,,,,,,,
Michael Storer,Edoardo Affini,Lewis Askey,Joseph Blackmore,,Jhonatan Narváez,Tim Merlier,Cees Bol,Simone Consonni,Enric Mas,Ben O'Connor,Laurence Pithie,,Quinn Simmons,Guillaume Martin,,,,,,
Tudor Pro Cycling Team,Team Visma | Lease a Bike,Groupama - FDJ,Israel - Premier Tech,,UAE Team Emirates - XRG,Soudal Quick-Step,XDS Astana Team,Lidl - Trek,Movistar Team,Team Jayco AlUla,Red Bull - BORA - hansgrohe,,Lidl - Trek,Groupama - FDJ,,,,,,
,,,,,,,,,,,,,,,,,,,,
,,,,,,,,,,,,,,,,,,,,
5 points,8 points,8 points,4 points,,8 points,4 points,9 points,8 points,8 points,8 points,4 points,,6 points,12 points,,,,,,
,,,,,,,,,,,,,,,,,,,,
Jordi Meeus,Tiesj Benoot,Cyril Barthe,Santiago Buitrago,,Nils Politt,Valentin Paret-Peintre,Tobias Halland Johannessen,Enric Mas,Iván Romeo,Edoardo Affini,Aurélien Paret-Peintre,,Sergio Higuita,Jonathan Milan,,,,,,
Red Bull - BORA - hansgrohe,Team Visma | Lease a Bike,Groupama - FDJ,Bahrain - Victorious,,UAE Team Emirates - XRG,Soudal Quick-Step,Uno-X Mobility,Movistar Team,Movistar Team,Team Visma | Lease a Bike,Decathlon AG2R La Mondiale Team,,XDS Astana Team,Lidl - Trek,,,,,,
,,,,,,,,,,,,,,,,,,,,
,,,,,,,,,,,,,,,,,,,,
4 points,8 points,8 points,4 points,,8 points,4 points,8 points,8 points,8 points,8 points,4 points,,5 points,12 points,,,,,,
,,,,,,,,,,,,,,,,,,,,
Lewis Askey,Victor Campenaerts,Romain Grégoire,Lewis Askey,,Pavel Sivakov,Maximilian Schachmann,Simone Consonni,Danny Van Poppel,Nils Politt,Tiesj Benoot,Biniam Girmay,,Ewen Costiou,Andreas Leknessund,,,,,,
Groupama - FDJ,Team Visma | Lease a Bike,Groupama - FDJ,Groupama - FDJ,,UAE Team Emirates - XRG,Soudal Quick-Step,Lidl - Trek,Red Bull - BORA - hansgrohe,UAE Team Emirates - XRG,Team Visma | Lease a Bike,Intermarché - Wanty,,Arkéa - B&B Hotels,Uno-X Mobility,,,,,,
,,,,,,,,,,,,,,,,,,,,
,,,,,,,,,,,,,,,,,,,,
4 points,8 points,8 points,4 points,,8 points,4 points,8 points,8 points,8 points,8 points,4 points,,5 points,11 points,,,,,,
,,,,,,,,,,,,,,,,,,,,
Cyril Barthe,Sepp Kuss,Valentin Madouas,Cyril Barthe,,Marc Soler,Bert Van Lerberghe,Thibau Nys,Edoardo Affini,Pavel Sivakov,Victor Campenaerts,Edward Theuns,,Michael Storer,Ben Healy,,,,,,
Groupama - FDJ,Team Visma | Lease a Bike,Groupama - FDJ,Groupama - FDJ,,UAE Team Emirates - XRG,Soudal Quick-Step,Lidl - Trek,Team Visma | Lease a Bike,UAE Team Emirates - XRG,Team Visma | Lease a Bike,Lidl - Trek,,Tudor Pro Cycling Team,EF Education - EasyPost,,,,,,
,,,,,,,,,,,,,,,,,,,,
,,,,,,,,,,,,,,,,,,,,
4 points,8 points,8 points,4 points,,8 points,4 points,8 points,8 points,8 points,8 points,4 points,,4 points,11 points,,,,,,
,,,,,,,,,,,,,,,,,,,,
Romain Grégoire,Wout Van Aert,Quentin Pacher,Valentin Madouas,,Adam Yates,Ilan Van Wilder,Toms Skujiņš,Tiesj Benoot,Marc Soler,Sepp Kuss,Tim Merlier,,Julian Alaphilippe,Thymen Arensman,,,,,,
Groupama - FDJ,Team Visma | Lease a Bike,Groupama - FDJ,Groupama - FDJ,,UAE Team Emirates - XRG,Soudal Quick-Step,Lidl - Trek,Team Visma | Lease a Bike,UAE Team Emirates - XRG,Team Visma | Lease a Bike,Soudal Quick-Step,,Tudor Pro Cycling Team,INEOS Grenadiers,,,,,,
,,,,,,,,,,,,,,,,,,,,
,,,,,,,,,,,,,,,,,,,,
4 points,8 points,8 points,4 points,,6 points,4 points,8 points,8 points,8 points,8 points,4 points,,3 points,9 points,,,,,,
,,,,,,,,,,,,,,,,,,,,
Valentin Madouas,Simon Yates,Mattia Cattaneo,Quentin Pacher,,Jordan Jegat,Sergio Higuita,Jasper Stuyven,Victor Campenaerts,Adam Yates,Simon Yates,Michael Storer,,Cristián Rodríguez,Ben O'Connor,,,,,,
Groupama - FDJ,Team Visma | Lease a Bike,Soudal Quick-Step,Groupama - FDJ,,Team TotalEnergies,XDS Astana Team,Lidl - Trek,Team Visma | Lease a Bike,UAE Team Emirates - XRG,Team Visma | Lease a Bike,Tudor Pro Cycling Team,,Arkéa - B&B Hotels,Team Jayco AlUla,,,,,,
,,,,,,,,,,,,,,,,,,,,
,,,,,,,,,,,,,,,,,,,,
4 points,8 points,8 points,4 points,,6 points,4 points,8 points,8 points,6 points,8 points,2 points,,3 points,8 points,,,,,,
,,,,,,,,,,,,,,,,,,,,
Guillaume Martin,Jhonatan Narváez,Pascal Eenkhoorn,Paul Penhoët,,Tobias Halland Johannessen,Anthony Turgis,Edward Theuns,Sepp Kuss,Biniam Girmay,Nils Politt,Amaury Capiot,,Matteo Trentin,Jake Stewart,,,,,,
Groupama - FDJ,UAE Team Emirates - XRG,Soudal Quick-Step,Groupama - FDJ,,Uno-X Mobility,Team TotalEnergies,Lidl - Trek,Team Visma | Lease a Bike,Intermarché - Wanty,UAE Team Emirates - XRG,Arkéa - B&B Hotels,,Tudor Pro Cycling Team,Israel - Premier Tech,,,,,,
,,,,,,,,,,,,,,,,,,,,
,,,,,,,,,,,,,,,,,,,,
4 points,8 points,8 points,4 points,,5 points,3 points,8 points,8 points,6 points,8 points,2 points,,2 points,4 points,,,,,,
,,,,,,,,,,,,,,,,,,,,
Quentin Pacher,Nils Politt,Remco Evenepoel,Clément Russo,,Aurélien Paret-Peintre,Guillaume Martin,Enric Mas,Wout Van Aert,Mattias Skjelmose,Pavel Sivakov,Ewen Costiou,,Bruno Armirail,Biniam Girmay,,,,,,
Groupama - FDJ,UAE Team Emirates - XRG,Soudal Quick-Step,Groupama - FDJ,,Decathlon AG2R La Mondiale Team,Groupama - FDJ,Movistar Team,Team Visma | Lease a Bike,Lidl - Trek,UAE Team Emirates - XRG,Arkéa - B&B Hotels,,Decathlon AG2R La Mondiale Team,Intermarché - Wanty,,,,,,
,,,,,,,,,,,,,,,,,,,,
,,,,,,,,,,,,,,,,,,,,
4 points,8 points,8 points,4 points,,5 points,3 points,7 points,8 points,6 points,8 points,2 points,,2 points,4 points,,,,,,
,,,,,,,,,,,,,,,,,,,,
Jonas Abrahamsen,Pavel Sivakov,Valentin Paret-Peintre,Anthony Turgis,,Julian Alaphilippe,Ben O'Connor,Felix Gall,Simon Yates,Tim Merlier,Marc Soler,Arnaud Démare,,Clément Berthet,Jordi Meeus,,,,,,
Uno-X Mobility,UAE Team Emirates - XRG,Soudal Quick-Step,Team TotalEnergies,,Tudor Pro Cycling Team,Team Jayco AlUla,Decathlon AG2R La Mondiale Team,Team Visma | Lease a Bike,Soudal Quick-Step,UAE Team Emirates - XRG,Arkéa - B&B Hotels,,Decathlon AG2R La Mondiale Team,Red Bull - BORA - hansgrohe,,,,,,
,,,,,,,,,,,,,,,,,,,,
,,,,,,,,,,,,,,,,,,,,
4 points,8 points,8 points,3 points,,4 points,2 points,6 points,7 points,5 points,8 points,2 points,,2 points,4 points,,,,,,
,,,,,,,,,,,,,,,,,,,,
Magnus Cort,Marc Soler,Maximilian Schachmann,Jenno Berckmoes,,Carlos Rodríguez,Amaury Capiot,Arnaud Démare,Felix Gall,Guillaume Martin,Adam Yates,Mathis Le Berre,,Oliver Naesen,Gianni Moscon,,,,,,
Uno-X Mobility,UAE Team Emirates - XRG,Soudal Quick-Step,Lotto,,INEOS Grenadiers,Arkéa - B&B Hotels,Arkéa - B&B Hotels,Decathlon AG2R La Mondiale Team,Groupama - FDJ,UAE Team Emirates - XRG,Arkéa - B&B Hotels,,Decathlon AG2R La Mondiale Team,Red Bull - BORA - hansgrohe,,,,,,
,,,,,,,,,,,,,,,,,,,,
,,,,,,,,,,,,,,,,,,,,
4 points,8 points,8 points,2 points,,4 points,2 points,6 points,6 points,4 points,8 points,2 points,,2 points,4 points,,,,,,
,,,,,,,,,,,,,,,,,,,,
Stian Fredheim,Adam Yates,Bert Van Lerberghe,Benjamin Thomas,,Simone Consonni,Arnaud Démare,Carlos Rodríguez,Carlos Rodríguez,Tobias Foss,Magnus Cort,Clément Venturini,,Aurélien Paret-Peintre,Laurence Pithie,,,,,,
Uno-X Mobility,UAE Team Emirates - XRG,Soudal Quick-Step,Cofidis,,Lidl - Trek,Arkéa - B&B Hotels,INEOS Grenadiers,INEOS Grenadiers,INEOS Grenadiers,Uno-X Mobility,Arkéa - B&B Hotels,,Decathlon AG2R La Mondiale Team,Red Bull - BORA - hansgrohe,,,,,,
,,,,,,,,,,,,,,,,,,,,
,,,,,,,,,,,,,,,,,,,,
4 points,6 points,8 points,2 points,,4 points,2 points,6 points,5 points,4 points,8 points,2 points,,2 points,4 points,,,,,,
,,,,,,,,,,,,,,,,,,,,
Markus Hoelgaard,Benjamin Thomas,Ilan Van Wilder,Felix Gall,,Thibau Nys,Raúl García Pierna,Laurenz Rex,Guillaume Martin,Axel Laurance,Stian Fredheim,Jordi Meeus,,Bastien Tronchon,Mick Van Dijke,,,,,,
Uno-X Mobility,Cofidis,Soudal Quick-Step,Decathlon AG2R La Mondiale Team,,Lidl - Trek,Arkéa - B&B Hotels,Intermarché - Wanty,Groupama - FDJ,INEOS Grenadiers,Uno-X Mobility,Red Bull - BORA - hansgrohe,,Decathlon AG2R La Mondiale Team,Red Bull - BORA - hansgrohe,,,,,,
,,,,,,,,,,,,,,,,,,,,
,,,,,,,,,,,,,,,,,,,,
4 points,6 points,8 points,2 points,,4 points,2 points,5 points,5 points,4 points,8 points,2 points,,2 points,4 points,,,,,,
,,,,,,,,,,,,,,,,,,,,
Anders Halland Johannessen,Mattias Skjelmose,Oscar Onley,Simone Consonni,,Toms Skujiņš,Mathis Le Berre,Jordan Jegat,Jordan Jegat,Connor Swift,Markus Hoelgaard,Gianni Moscon,,Jordi Meeus,Danny Van Poppel,,,,,,
Uno-X Mobility,Lidl - Trek,Team Picnic PostNL,Lidl - Trek,,Lidl - Trek,Arkéa - B&B Hotels,Team TotalEnergies,Team TotalEnergies,INEOS Grenadiers,Uno-X Mobility,Red Bull - BORA - hansgrohe,,Red Bull - BORA - hansgrohe,Red Bull - BORA - hansgrohe,,,,,,
,,,,,,,,,,,,,,,,,,,,
,,,,,,,,,,,,,,,,,,,,
4 points,6 points,7 points,1 points,,4 points,2 points,4 points,4 points,4 points,8 points,2 points,,2 points,3 points,,,,,,
,,,,,,,,,,,,,,,,,,,,
Tobias Halland Johannessen,Anthony Turgis,Santiago Buitrago,Florian Lipowitz,,Jasper Stuyven,Clément Venturini,Ewen Costiou,Ewen Costiou,Geraint Thomas,Anders Halland Johannessen,Mick Van Dijke,,Gianni Moscon,Cristián Rodríguez,,,,,,
Uno-X Mobility,Team TotalEnergies,Bahrain - Victorious,Red Bull - BORA - hansgrohe,,Lidl - Trek,Arkéa - B&B Hotels,Arkéa - B&B Hotels,Arkéa - B&B Hotels,INEOS Grenadiers,Uno-X Mobility,Red Bull - BORA - hansgrohe,,Red Bull - BORA - hansgrohe,Arkéa - B&B Hotels,,,,,,
,,,,,,,,,,,,,,,,,,,,
,,,,,,,,,,,,,,,,,,,,
4 points,5 points,7 points,1 points,,4 points,2 points,4 points,4 points,4 points,8 points,2 points,,2 points,3 points,,,,,,
,,,,,,,,,,,,,,,,,,,,
Andreas Leknessund,Tim Merlier,Mattias Skjelmose,Jarrad Drizners,,Edward Theuns,Lewis Askey,Aurélien Paret-Peintre,Aurélien Paret-Peintre,Samuel Watson,Andreas Leknessund,Danny Van Poppel,,Laurence Pithie,Jarrad Drizners,,,,,,
Uno-X Mobility,Soudal Quick-Step,Lidl - Trek,Lotto,,Lidl - Trek,Groupama - FDJ,Decathlon AG2R La Mondiale Team,Decathlon AG2R La Mondiale Team,INEOS Grenadiers,Uno-X Mobility,Red Bull - BORA - hansgrohe,,Red Bull - BORA - hansgrohe,Lotto,,,,,,
,,,,,,,,,,,,,,,,,,,,
,,,,,,,,,,,,,,,,,,,,
3 points,2 points,6 points,,,4 points,2 points,4 points,4 points,4 points,6 points,2 points,,2 points,2 points,,,,,,
,,,,,,,,,,,,,,,,,,,,
Tobias Lund Andresen,Felix Gall,Benjamin Thomas,,,Tim Merlier,Cyril Barthe,Guillaume Martin,Thibau Nys,Sergio Higuita,Michael Woods,Aleksandr Vlasov,,Mick Van Dijke,Kaden Groves,,,,,,
Team Picnic PostNL,Decathlon AG2R La Mondiale Team,Cofidis,,,Soudal Quick-Step,Groupama - FDJ,Groupama - FDJ,Lidl - Trek,XDS Astana Team,Israel - Premier Tech,Red Bull - BORA - hansgrohe,,Red Bull - BORA - hansgrohe,Alpecin - Deceuninck,,,,,,
,,,,,,,,,,,,,,,,,,,,
,,,,,,,,,,,,,,,,,,,,
2 points,1 points,6 points,,,2 points,2 points,4 points,4 points,2 points,4 points,2 points,,2 points,2 points,,,,,,
,,,,,,,,,,,,,,,,,,,,
Simone Consonni,Bryan Coquard,Hugo Page,,,Lewis Askey,Valentin Madouas,Pascal Eenkhoorn,Quinn Simmons,Mathieu Van Der Poel,Biniam Girmay,Pascal Eenkhoorn,,Danny Van Poppel,Tim Merlier,,,,,,
Lidl - Trek,Cofidis,Intermarché - Wanty,,,Groupama - FDJ,Groupama - FDJ,Soudal Quick-Step,Lidl - Trek,Alpecin - Deceuninck,Intermarché - Wanty,Soudal Quick-Step,,Red Bull - BORA - hansgrohe,Soudal Quick-Step,,,,,,
,,,,,,,,,,,,,,,,,,,,
,,,,,,,,,,,,,,,,,,,,
1 points,,6 points,,,2 points,2 points,4 points,4 points,2 points,4 points,2 points,,2 points,2 points,,,,,,
,,,,,,,,,,,,,,,,,,,,
Mattia Cattaneo,,Edoardo Affini,,,Cyril Barthe,Quentin Pacher,Valentin Paret-Peintre,Toms Skujiņš,Clément Berthet,Tim Merlier,Valentin Paret-Peintre,,Tim Merlier,Sergio Higuita,,,,,,
Soudal Quick-Step,,Team Visma | Lease a Bike,,,Groupama - FDJ,Groupama - FDJ,Soudal Quick-Step,Lidl - Trek,Decathlon AG2R La Mondiale Team,Soudal Quick-Step,Soudal Quick-Step,,Soudal Quick-Step,XDS Astana Team,,,,,,
,,,,,,,,,,,,,,,,,,,,
,,,,,,,,,,,,,,,,,,,,
,,6 points,,,2 points,2 points,4 points,4 points,2 points,4 points,2 points,,2 points,2 points,,,,,,
,,,,,,,,,,,,,,,,,,,,
,,Tiesj Benoot,,,Romain Grégoire,Paul Penhoët,Maximilian Schachmann,Jasper Stuyven,Oliver Naesen,Luke Durbridge,Maximilian Schachmann,,Matis Louvel,Michael Woods,,,,,,
,,Team Visma | Lease a Bike,,,Groupama - FDJ,Groupama - FDJ,Soudal Quick-Step,Lidl - Trek,Decathlon AG2R La Mondiale Team,Team Jayco AlUla,Soudal Quick-Step,,Israel - Premier Tech,Israel - Premier Tech,,,,,,
,,,,,,,,,,,,,,,,,,,,
,,,,,,,,,,,,,,,,,,,,
,,6 points,,,2 points,2 points,4 points,4 points,2 points,4 points,2 points,,,2 points,,,,,,
,,,,,,,,,,,,,,,,,,,,
,,Victor Campenaerts,,,Valentin Madouas,Clément Russo,Bert Van Lerberghe,Edward Theuns,Aurélien Paret-Peintre,Dylan Groenewegen,Bert Van Lerberghe,,,Alberto Dainese,,,,,,
,,Team Visma | Lease a Bike,,,Groupama - FDJ,Groupama - FDJ,Soudal Quick-Step,Lidl - Trek,Decathlon AG2R La Mondiale Team,Team Jayco AlUla,Soudal Quick-Step,,,Tudor Pro Cycling Team,,,,,,
,,,,,,,,,,,,,,,,,,,,
,,,,,,,,,,,,,,,,,,,,
,,6 points,,,2 points,2 points,4 points,4 points,2 points,4 points,2 points,,,2 points,,,,,,
,,,,,,,,,,,,,,,,,,,,
,,Sepp Kuss,,,Guillaume Martin,Quinn Simmons,Ilan Van Wilder,Cees Bol,Callum Scotson,Luka Mezgec,Ilan Van Wilder,,,Marco Haller,,,,,,
,,Team Visma | Lease a Bike,,,Groupama - FDJ,Lidl - Trek,Soudal Quick-Step,XDS Astana Team,Decathlon AG2R La Mondiale Team,Team Jayco AlUla,Soudal Quick-Step,,,Tudor Pro Cycling Team,,,,,,
,,,,,,,,,,,,,,,,,,,,
,,,,,,,,,,,,,,,,,,,,
,,6 points,,,2 points,2 points,3 points,3 points,2 points,4 points,2 points,,,2 points,,,,,,
,,,,,,,,,,,,,,,,,,,,
,,Wout Van Aert,,,Quentin Pacher,Tobias Lund Andresen,Georg Zimmermann,Bryan Coquard,Bastien Tronchon,Luke Plapp,Matteo Trentin,,,Marc Hirschi,,,,,,
,,Team Visma | Lease a Bike,,,Groupama - FDJ,Team Picnic PostNL,Intermarché - Wanty,Cofidis,Decathlon AG2R La Mondiale Team,Team Jayco AlUla,Tudor Pro Cycling Team,,,Tudor Pro Cycling Team,,,,,,
,,,,,,,,,,,,,,,,,,,,
,,,,,,,,,,,,,,,,,,,,
,,6 points,,,2 points,2 points,2 points,2 points,2 points,4 points,1 points,,,2 points,,,,,,
,,,,,,,,,,,,,,,,,,,,
,,Simon Yates,,,Paul Penhoët,Warren Barguil,Silvan Dillier,Amaury Capiot,Romain Grégoire,Elmar Reinders,Emanuel Buchmann,,,Fabian Lienhard,,,,,,
,,Team Visma | Lease a Bike,,,Groupama - FDJ,Team Picnic PostNL,Alpecin - Deceuninck,Arkéa - B&B Hotels,Groupama - FDJ,Team Jayco AlUla,Cofidis,,,Tudor Pro Cycling Team,,,,,,
,,,,,,,,,,,,,,,,,,,,
,,,,,,,,,,,,,,,,,,,,
,,4 points,,,2 points,2 points,2 points,2 points,2 points,3 points,1 points,,,2 points,,,,,,
,,,,,,,,,,,,,,,,,,,,
,,Thibau Nys,,,Clément Russo,Pavel Bittner,Xandro Meurisse,Raúl García Pierna,Pascal Eenkhoorn,Mattias Skjelmose,Tobias Foss,,,Marius Mayrhofer,,,,,,
,,Lidl - Trek,,,Groupama - FDJ,Team Picnic PostNL,Alpecin - Deceuninck,Arkéa - B&B Hotels,Soudal Quick-Step,Lidl - Trek,INEOS Grenadiers,,,Tudor Pro Cycling Team,,,,,,
,,,,,,,,,,,,,,,,,,,,
,,,,,,,,,,,,,,,,,,,,
,,4 points,,,2 points,2 points,2 points,2 points,2 points,2 points,,,,2 points,,,,,,
,,,,,,,,,,,,,,,,,,,,
,,Quinn Simmons,,,Laurenz Rex,Sean Flynn,Jonas Rickaert,Mathis Le Berre,Maximilian Schachmann,Silvan Dillier,,,,Matteo Trentin,,,,,,
,,Lidl - Trek,,,Intermarché - Wanty,Team Picnic PostNL,Alpecin - Deceuninck,Arkéa - B&B Hotels,Soudal Quick-Step,Alpecin - Deceuninck,,,,Tudor Pro Cycling Team,,,,,,
,,,,,,,,,,,,,,,,,,,,
,,,,,,,,,,,,,,,,,,,,
,,4 points,,,2 points,2 points,2 points,2 points,2 points,2 points,,,,1 points,,,,,,
,,,,,,,,,,,,,,,,,,,,
,,Toms Skujiņš,,,Mattia Cattaneo,Niklas Märkl,Gianni Vermeersch,Cristián Rodríguez,Bert Van Lerberghe,Xandro Meurisse,,,,Enric Mas,,,,,,
,,Lidl - Trek,,,Soudal Quick-Step,Team Picnic PostNL,Alpecin - Deceuninck,Arkéa - B&B Hotels,Soudal Quick-Step,Alpecin - Deceuninck,,,,Movistar Team,,,,,,
,,,,,,,,,,,,,,,,,,,,
,,,,,,,,,,,,,,,,,,,,
,,4 points,,,2 points,2 points,2 points,2 points,2 points,2 points,,,,1 points,,,,,,
,,,,,,,,,,,,,,,,,,,,
,,Jasper Stuyven,,,Pascal Eenkhoorn,Tim Naberman,Emiel Verstrynge,Clément Venturini,Ilan Van Wilder,Jonas Rickaert,,,,Tobias Lund Andresen,,,,,,
,,Lidl - Trek,,,Soudal Quick-Step,Team Picnic PostNL,Alpecin - Deceuninck,Arkéa - B&B Hotels,Soudal Quick-Step,Alpecin - Deceuninck,,,,Team Picnic PostNL,,,,,,
,,,,,,,,,,,,,,,,,,,,
,,,,,,,,,,,,,,,,,,,,
,,4 points,,,2 points,2 points,2 points,2 points,1 points,2 points,,,,,,,,,,
,,,,,,,,,,,,,,,,,,,,
,,Edward Theuns,,,Valentin Paret-Peintre,Frank Van Den Broek,Amaury Capiot,Lewis Askey,Emanuel Buchmann,Gianni Vermeersch,,,,,,,,,,
,,Lidl - Trek,,,Soudal Quick-Step,Team Picnic PostNL,Arkéa - B&B Hotels,Groupama - FDJ,Cofidis,Alpecin - Deceuninck,,,,,,,,,,
,,,,,,,,,,,,,,,,,,,,
,,,,,,,,,,,,,,,,,,,,
,,4 points,,,2 points,1 points,2 points,2 points,1 points,2 points,,,,,,,,,,
,,,,,,,,,,,,,,,,,,,,
,,Jhonatan Narváez,,,Maximilian Schachmann,Laurenz Rex,Raúl García Pierna,Cyril Barthe,Anthony Turgis,Emiel Verstrynge,,,,,,,,,,
,,UAE Team Emirates - XRG,,,Soudal Quick-Step,Intermarché - Wanty,Arkéa - B&B Hotels,Groupama - FDJ,Team TotalEnergies,Alpecin - Deceuninck,,,,,,,,,,
,,,,,,,,,,,,,,,,,,,,
,,,,,,,,,,,,,,,,,,,,
,,4 points,,,2 points,1 points,2 points,2 points,,2 points,,,,,,,,,,
,,,,,,,,,,,,,,,,,,,,
,,Nils Politt,,,Bert Van Lerberghe,Eddie Dunbar,Mathis Le Berre,Romain Grégoire,,Lewis Askey,,,,,,,,,,
,,UAE Team Emirates - XRG,,,Soudal Quick-Step,Team Jayco AlUla,Arkéa - B&B Hotels,Groupama - FDJ,,Groupama - FDJ,,,,,,,,,,
,,,,,,,,,,,,,,,,,,,,
,,,,,,,,,,,,,,,,,,,,
,,4 points,,,2 points,,2 points,2 points,,2 points,,,,,,,,,,
,,,,,,,,,,,,,,,,,,,,
,,Pavel Sivakov,,,Ilan Van Wilder,,Cristián Rodríguez,Valentin Madouas,,Cyril Barthe,,,,,,,,,,
,,UAE Team Emirates - XRG,,,Soudal Quick-Step,,Arkéa - B&B Hotels,Groupama - FDJ,,Groupama - FDJ,,,,,,,,,,
,,,,,,,,,,,,,,,,,,,,
,,,,,,,,,,,,,,,,,,,,
,,4 points,,,2 points,,2 points,2 points,,2 points,,,,,,,,,,
,,,,,,,,,,,,,,,,,,,,
,,Marc Soler,,,Alberto Dainese,,Clément Venturini,Quentin Pacher,,Valentin Madouas,,,,,,,,,,
,,UAE Team Emirates - XRG,,,Tudor Pro Cycling Team,,Arkéa - B&B Hotels,Groupama - FDJ,,Groupama - FDJ,,,,,,,,,,
,,,,,,,,,,,,,,,,,,,,
,,,,,,,,,,,,,,,,,,,,
,,4 points,,,2 points,,2 points,2 points,,2 points,,,,,,,,,,
,,,,,,,,,,,,,,,,,,,,
,,Adam Yates,,,Marco Haller,,Cyril Barthe,Clément Russo,,Paul Penhoët,,,,,,,,,,
,,UAE Team Emirates - XRG,,,Tudor Pro Cycling Team,,Groupama - FDJ,Groupama - FDJ,,Groupama - FDJ,,,,,,,,,,
,,,,,,,,,,,,,,,,,,,,
,,,,,,,,,,,,,,,,,,,,
,,4 points,,,2 points,,2 points,2 points,,2 points,,,,,,,,,,
,,,,,,,,,,,,,,,,,,,,
,,Jenno Berckmoes,,,Marc Hirschi,,Romain Grégoire,Jenno Berckmoes,,Clément Russo,,,,,,,,,,
,,Lotto,,,Tudor Pro Cycling Team,,Groupama - FDJ,Lotto,,Groupama - FDJ,,,,,,,,,,
,,,,,,,,,,,,,,,,,,,,
,,,,,,,,,,,,,,,,,,,,
,,2 points,,,2 points,,2 points,2 points,,2 points,,,,,,,,,,
,,,,,,,,,,,,,,,,,,,,
,,Kamil Gradek,,,Fabian Lienhard,,Valentin Madouas,Jarrad Drizners,,Thymen Arensman,,,,,,,,,,
,,Bahrain - Victorious,,,Tudor Pro Cycling Team,,Groupama - FDJ,Lotto,,INEOS Grenadiers,,,,,,,,,,
,,,,,,,,,,,,,,,,,,,,
,,,,,,,,,,,,,,,,,,,,
,,2 points,,,2 points,,2 points,2 points,,2 points,,,,,,,,,,
,,,,,,,,,,,,,,,,,,,,
,,Jack Haig,,,Marius Mayrhofer,,Quentin Pacher,Sébastien Grignard,,Pascal Eenkhoorn,,,,,,,,,,
,,Bahrain - Victorious,,,Tudor Pro Cycling Team,,Groupama - FDJ,Lotto,,Soudal Quick-Step,,,,,,,,,,
,,,,,,,,,,,,,,,,,,,,
,,,,,,,,,,,,,,,,,,,,
,,2 points,,,2 points,,2 points,2 points,,2 points,,,,,,,,,,
,,,,,,,,,,,,,,,,,,,,
,,Lenny Martinez,,,Matteo Trentin,,Paul Penhoët,Eduardo Sepúlveda,,Valentin Paret-Peintre,,,,,,,,,,
,,Bahrain - Victorious,,,Tudor Pro Cycling Team,,Groupama - FDJ,Lotto,,Soudal Quick-Step,,,,,,,,,,
,,,,,,,,,,,,,,,,,,,,
,,,,,,,,,,,,,,,,,,,,
,,2 points,,,1 points,,2 points,2 points,,2 points,,,,,,,,,,
,,,,,,,,,,,,,,,,,,,,
,,Matej Mohorič,,,Jack Haig,,Clément Russo,Lennert Van Eetvelt,,Maximilian Schachmann,,,,,,,,,,
,,Bahrain - Victorious,,,Bahrain - Victorious,,Groupama - FDJ,Lotto,,Soudal Quick-Step,,,,,,,,,,
,,,,,,,,,,,,,,,,,,,,
,,,,,,,,,,,,,,,,,,,,
,,2 points,,,1 points,,2 points,2 points,,2 points,,,,,,,,,,
,,,,,,,,,,,,,,,,,,,,
,,Robert Stannard,,,Bastien Tronchon,,Roel Van Sintmaartensdijk,Brent Van Moer,,Bert Van Lerberghe,,,,,,,,,,
,,Bahrain - Victorious,,,Decathlon AG2R La Mondiale Team,,Intermarché - Wanty,Lotto,,Soudal Quick-Step,,,,,,,,,,
,,,,,,,,,,,,,,,,,,,,
,,,,,,,,,,,,,,,,,,,,
,,2 points,,,,,1 points,1 points,,2 points,,,,,,,,,,
,,,,,,,,,,,,,,,,,,,,
,,Fred Wright,,,,,Neilson Powless,Emanuel Buchmann,,Ilan Van Wilder,,,,,,,,,,
,,Bahrain - Victorious,,,,,EF Education - EasyPost,Cofidis,,Soudal Quick-Step,,,,,,,,,,
,,,,,,,,,,,,,,,,,,,,
,,,,,,,,,,,,,,,,,,,,
,,2 points,,,,,1 points,1 points,,1 points,,,,,,,,,,
,,,,,,,,,,,,,,,,,,,,
,,Laurenz Rex,,,,,Ben O'Connor,Luke Plapp,,Emanuel Buchmann,,,,,,,,,,
,,Intermarché - Wanty,,,,,Team Jayco AlUla,Team Jayco AlUla,,Cofidis,,,,,,,,,,
,,,,,,,,,,,,,,,,,,,,
,,,,,,,,,,,,,,,,,,,,
,,2 points,,,,,1 points,1 points,,1 points,,,,,,,,,,
,,,,,,,,,,,,,,,,,,,,
,,Alexandre Delettre,,,,,Michael Storer,Michael Storer,,Anthony Turgis,,,,,,,,,,
,,Team TotalEnergies,,,,,Tudor Pro Cycling Team,Tudor Pro Cycling Team,,Team TotalEnergies,,,,,,,,,,
,,,,,,,,,,,,,,,,,,,,
,,,,,,,,,,,,,,,,,,,,
,,1 points,,,,,,,,,,,,,,,,,,
,,,,,,,,,,,,,,,,,,,,
,,Felix Gall,,,,,,,,,,,,,,,,,,
,,Decathlon AG2R La Mondiale Team,,,,,,,,,,,,,,,,,,
,,,,,,,,,,,,,,,,,,,,
,,,,,,,,,,,,,,,,,,,,
,,1 points,,,,,,,,,,,,,,,,,,
,,,,,,,,,,,,,,,,,,,,
,,Andreas Leknessund,,,,,,,,,,,,,,,,,,
,,Uno-X Mobility,,,,,,,,,,,,,,,,,,
